Name,Modified,Modified By,Item Type,Path,URL,LongPath
mysite-mp3-1.mp3,1/19/2025 19:34,The Person,Item,sites/mysite/3site/pathlong,https://mysite.sharepoint.com/sites/mysite/3site/pathlong/mysite-mp3-1.mp3,sites/mysite/3site/pathlong/mysite-mp3-1.mp3
mysite-wav-2.wav,1/22/2025 8:03,The Person,Item,sites/mysite/twosite/pathlong,https://mysite.sharepoint.com/sites/mysite/twosite/pathlong/mysite-wav-2.wav,sites/mysite/twosite/pathlong/mysite-wav-2.wav
mysite-flac-3.flac,1/24/2025 20:32,The Person,Item,sites/mysite/37ite,https://mysite.sharepoint.com/sites/mysite/37ite/mysite-flac-3.flac,sites/mysite/37ite/mysite-flac-3.flac
mysite-ogg-4.ogg,1/27/2025 9:01,The Person,Item,sites/mysite/3sit0e,https://mysite.sharepoint.com/sites/mysite/3sit0e/mysite-ogg-4.ogg,sites/mysite/3sit0e/mysite-ogg-4.ogg
mysite-aac-5.aac,1/29/2025 21:30,The Person,Item,sites/mysite/pathlong,https://mysite.sharepoint.com/sites/mysite/pathlong/mysite-aac-5.aac,sites/mysite/pathlong/mysite-aac-5.aac
mysite-m4a-6.m4a,2/1/2025 9:58,The Person,Item,sites/mysite/3site/pathl0ong,https://mysite.sharepoint.com/sites/mysite/3site/pathl0ong/mysite-m4a-6.m4a,sites/mysite/3site/pathl0ong/mysite-m4a-6.m4a
mysite-wma-7.wma,2/3/2025 22:27,The Person,Item,sites/mysite/twosite/pathl0ong,https://mysite.sharepoint.com/sites/mysite/twosite/pathl0ong/mysite-wma-7.wma,sites/mysite/twosite/pathl0ong/mysite-wma-7.wma
mysite-opus-1.opus,2/6/2025 10:56,The Person,Item,sites/mysite/37ite/pathl0ong,https://mysite.sharepoint.com/sites/mysite/37ite/pathl0ong/mysite-opus-1.opus,sites/mysite/37ite/pathl0ong/mysite-opus-1.opus
mysite-aiff-2.aiff,2/8/2025 23:25,The Person,Item,sites/mysite/3sit0e/pathl0ong,https://mysite.sharepoint.com/sites/mysite/3sit0e/pathl0ong/mysite-aiff-2.aiff,sites/mysite/3sit0e/pathl0ong/mysite-aiff-2.aiff
mysite-alac-3.alac,2/11/2025 11:54,The Person,Item,sites/mysite/3site/pathl0ong,https://mysite.sharepoint.com/sites/mysite/3site/pathl0ong/mysite-alac-3.alac,sites/mysite/3site/pathl0ong/mysite-alac-3.alac
mysite-cpp-4.cpp,2/14/2025 0:22,The Person,Item,sites/mysite/3site/pathl00ong,https://mysite.sharepoint.com/sites/mysite/3site/pathl00ong/mysite-cpp-4.cpp,sites/mysite/3site/pathl00ong/mysite-cpp-4.cpp
mysite-bat-5.bat,2/16/2025 12:51,The Person,Item,sites/mysite/twosite/pathl00ong,https://mysite.sharepoint.com/sites/mysite/twosite/pathl00ong/mysite-bat-5.bat,sites/mysite/twosite/pathl00ong/mysite-bat-5.bat
mysite-py-6.py,2/19/2025 1:20,The Person,Item,sites/mysite/37ite/pathl00ong,https://mysite.sharepoint.com/sites/mysite/37ite/pathl00ong/mysite-py-6.py,sites/mysite/37ite/pathl00ong/mysite-py-6.py
mysite-ps1-7.ps1,2/21/2025 13:49,The Person,Item,sites/mysite/3sit0e/pathl00ong,https://mysite.sharepoint.com/sites/mysite/3sit0e/pathl00ong/mysite-ps1-7.ps1,sites/mysite/3sit0e/pathl00ong/mysite-ps1-7.ps1
mysite-vbs-1.vbs,2/24/2025 2:18,The Person,Item,sites/mysite/3site/pathl00ong,https://mysite.sharepoint.com/sites/mysite/3site/pathl00ong/mysite-vbs-1.vbs,sites/mysite/3site/pathl00ong/mysite-vbs-1.vbs
mysite-h-2.h,2/26/2025 14:46,The Person,Item,sites/mysite/3site/pathlong,https://mysite.sharepoint.com/sites/mysite/3site/pathlong/mysite-h-2.h,sites/mysite/3site/pathlong/mysite-h-2.h
mysite-js-3.js,3/1/2025 3:15,The Person,Item,sites/mysite/twosite/pathlong,https://mysite.sharepoint.com/sites/mysite/twosite/pathlong/mysite-js-3.js,sites/mysite/twosite/pathlong/mysite-js-3.js
mysite-ts-4.ts,3/3/2025 15:44,The Person,Item,sites/mysite/37ite/pathlong,https://mysite.sharepoint.com/sites/mysite/37ite/pathlong/mysite-ts-4.ts,sites/mysite/37ite/pathlong/mysite-ts-4.ts
mysite-java-5.java,3/6/2025 4:13,The Person,Item,sites/mysite/3sit0e/pathlong,https://mysite.sharepoint.com/sites/mysite/3sit0e/pathlong/mysite-java-5.java,sites/mysite/3sit0e/pathlong/mysite-java-5.java
mysite-c-6.c,3/8/2025 16:42,The Person,Item,sites/mysite/3site/pathlong,https://mysite.sharepoint.com/sites/mysite/3site/pathlong/mysite-c-6.c,sites/mysite/3site/pathlong/mysite-c-6.c
mysite-cs-7.cs,3/11/2025 5:10,The Person,Item,sites/mysite/3site/pathl0ong,https://mysite.sharepoint.com/sites/mysite/3site/pathl0ong/mysite-cs-7.cs,sites/mysite/3site/pathl0ong/mysite-cs-7.cs
mysite-go-1.go,3/13/2025 17:39,The Person,Item,sites/mysite/twosite/pathl0ong,https://mysite.sharepoint.com/sites/mysite/twosite/pathl0ong/mysite-go-1.go,sites/mysite/twosite/pathl0ong/mysite-go-1.go
mysite-cmd-2.cmd,3/16/2025 6:08,The Person,Item,sites/mysite/37ite/pathl0ong,https://mysite.sharepoint.com/sites/mysite/37ite/pathl0ong/mysite-cmd-2.cmd,sites/mysite/37ite/pathl0ong/mysite-cmd-2.cmd
mysite-vcf-3.vcf,3/18/2025 18:37,The Person,Item,sites/mysite/3sit0e/pathl0ong,https://mysite.sharepoint.com/sites/mysite/3sit0e/pathl0ong/mysite-vcf-3.vcf,sites/mysite/3sit0e/pathl0ong/mysite-vcf-3.vcf
mysite-contact-4.contact,3/21/2025 7:06,The Person,Item,sites/mysite/3site/pathl0ong,https://mysite.sharepoint.com/sites/mysite/3site/pathl0ong/mysite-contact-4.contact,sites/mysite/3site/pathl0ong/mysite-contact-4.contact
mysite-agent-5.agent,3/23/2025 19:34,The Person,Item,sites/mysite/3site/pathl00ong,https://mysite.sharepoint.com/sites/mysite/3site/pathl00ong/mysite-agent-5.agent,sites/mysite/3site/pathl00ong/mysite-agent-5.agent
mysite-csv-6.csv,3/26/2025 8:03,The Person,Item,sites/mysite/twosite/pathl00ong,https://mysite.sharepoint.com/sites/mysite/twosite/pathl00ong/mysite-csv-6.csv,sites/mysite/twosite/pathl00ong/mysite-csv-6.csv
mysite-tsv-7.tsv,3/28/2025 20:32,The Person,Item,sites/mysite/37ite/pathl00ong,https://mysite.sharepoint.com/sites/mysite/37ite/pathl00ong/mysite-tsv-7.tsv,sites/mysite/37ite/pathl00ong/mysite-tsv-7.tsv
mysite-doc-1.doc,3/31/2025 9:01,The Person,Item,sites/mysite/3sit0e/pathl00ong,https://mysite.sharepoint.com/sites/mysite/3sit0e/pathl00ong/mysite-doc-1.doc,sites/mysite/3sit0e/pathl00ong/mysite-doc-1.doc
mysite-docx-2.docx,4/2/2025 21:30,The Person,Item,sites/mysite/3site/pathl00ong,https://mysite.sharepoint.com/sites/mysite/3site/pathl00ong/mysite-docx-2.docx,sites/mysite/3site/pathl00ong/mysite-docx-2.docx
mysite-docm-3.docm,4/5/2025 9:58,The Person,Item,sites/mysite/3site/pathlong,https://mysite.sharepoint.com/sites/mysite/3site/pathlong/mysite-docm-3.docm,sites/mysite/3site/pathlong/mysite-docm-3.docm
mysite-dotx-4.dotx,4/7/2025 22:27,The Person,Item,sites/mysite/twosite/pathlong,https://mysite.sharepoint.com/sites/mysite/twosite/pathlong/mysite-dotx-4.dotx,sites/mysite/twosite/pathlong/mysite-dotx-4.dotx
mysite-dot-5.dot,4/10/2025 10:56,The Person,Item,sites/mysite/37ite/pathlong,https://mysite.sharepoint.com/sites/mysite/37ite/pathlong/mysite-dot-5.dot,sites/mysite/37ite/pathlong/mysite-dot-5.dot
mysite-odt-6.odt,4/12/2025 23:25,The Person,Item,sites/mysite/3sit0e/pathlong,https://mysite.sharepoint.com/sites/mysite/3sit0e/pathlong/mysite-odt-6.odt,sites/mysite/3sit0e/pathlong/mysite-odt-6.odt
mysite-exe-7.exe,4/15/2025 11:54,The Person,Item,sites/mysite/3site/pathlong,https://mysite.sharepoint.com/sites/mysite/3site/pathlong/mysite-exe-7.exe,sites/mysite/3site/pathlong/mysite-exe-7.exe
mysite-msi-1.msi,4/18/2025 0:22,The Person,Item,sites/mysite/3site/pathl0ong,https://mysite.sharepoint.com/sites/mysite/3site/pathl0ong/mysite-msi-1.msi,sites/mysite/3site/pathl0ong/mysite-msi-1.msi
mysite-com-2.com,4/20/2025 12:51,The Person,Item,sites/mysite/twosite/pathl0ong,https://mysite.sharepoint.com/sites/mysite/twosite/pathl0ong/mysite-com-2.com,sites/mysite/twosite/pathl0ong/mysite-com-2.com
mysite-scr-3.scr,4/23/2025 1:20,The Person,Item,sites/mysite/37ite/pathl0ong,https://mysite.sharepoint.com/sites/mysite/37ite/pathl0ong/mysite-scr-3.scr,sites/mysite/37ite/pathl0ong/mysite-scr-3.scr
mysite-htm-4.htm,4/25/2025 13:49,The Person,Item,sites/mysite/3sit0e/pathl0ong,https://mysite.sharepoint.com/sites/mysite/3sit0e/pathl0ong/mysite-htm-4.htm,sites/mysite/3sit0e/pathl0ong/mysite-htm-4.htm
mysite-mht-5.mht,4/28/2025 2:18,The Person,Item,sites/mysite/3site/pathl0ong,https://mysite.sharepoint.com/sites/mysite/3site/pathl0ong/mysite-mht-5.mht,sites/mysite/3site/pathl0ong/mysite-mht-5.mht
mysite-html-6.html,4/30/2025 14:46,The Person,Item,sites/mysite/3site/pathl00ong,https://mysite.sharepoint.com/sites/mysite/3site/pathl00ong/mysite-html-6.html,sites/mysite/3site/pathl00ong/mysite-html-6.html
mysite-mhtml-7.mhtml,5/3/2025 3:15,The Person,Item,sites/mysite/twosite/pathl00ong,https://mysite.sharepoint.com/sites/mysite/twosite/pathl00ong/mysite-mhtml-7.mhtml,sites/mysite/twosite/pathl00ong/mysite-mhtml-7.mhtml
mysite-xhtml-1.xhtml,5/5/2025 15:44,The Person,Item,sites/mysite/37ite/pathl00ong,https://mysite.sharepoint.com/sites/mysite/37ite/pathl00ong/mysite-xhtml-1.xhtml,sites/mysite/37ite/pathl00ong/mysite-xhtml-1.xhtml
mysite-shtml-2.shtml,5/8/2025 4:13,The Person,Item,sites/mysite/3sit0e/pathl00ong,https://mysite.sharepoint.com/sites/mysite/3sit0e/pathl00ong/mysite-shtml-2.shtml,sites/mysite/3sit0e/pathl00ong/mysite-shtml-2.shtml
mysite-lnk-3.lnk,5/10/2025 16:42,The Person,Item,sites/mysite/3site/pathl00ong,https://mysite.sharepoint.com/sites/mysite/3site/pathl00ong/mysite-lnk-3.lnk,sites/mysite/3site/pathl00ong/mysite-lnk-3.lnk
mysite-url-4.url,5/13/2025 5:10,The Person,Item,sites/mysite/3site/pathlong,https://mysite.sharepoint.com/sites/mysite/3site/pathlong/mysite-url-4.url,sites/mysite/3site/pathlong/mysite-url-4.url
mysite-webloc-5.webloc,5/15/2025 17:39,The Person,Item,sites/mysite/twosite/pathlong,https://mysite.sharepoint.com/sites/mysite/twosite/pathlong/mysite-webloc-5.webloc,sites/mysite/twosite/pathlong/mysite-webloc-5.webloc
mysite-loop-6.loop,5/18/2025 6:08,The Person,Item,sites/mysite/37ite/pathlong,https://mysite.sharepoint.com/sites/mysite/37ite/pathlong/mysite-loop-6.loop,sites/mysite/37ite/pathlong/mysite-loop-6.loop
mysite-odst-7.odst,5/20/2025 18:37,The Person,Item,sites/mysite/3sit0e/pathlong,https://mysite.sharepoint.com/sites/mysite/3sit0e/pathlong/mysite-odst-7.odst,sites/mysite/3sit0e/pathlong/mysite-odst-7.odst
mysite-onenote-1.onenote,5/23/2025 7:06,The Person,Item,sites/mysite/3site/pathlong,https://mysite.sharepoint.com/sites/mysite/3site/pathlong/mysite-onenote-1.onenote,sites/mysite/3site/pathlong/mysite-onenote-1.onenote
mysite-one-2.one,5/25/2025 19:34,The Person,Item,sites/mysite/3site/pathl0ong,https://mysite.sharepoint.com/sites/mysite/3site/pathl0ong/mysite-one-2.one,sites/mysite/3site/pathl0ong/mysite-one-2.one
mysite-onepkg-3.onepkg,5/28/2025 8:03,The Person,Item,sites/mysite/twosite/pathl0ong,https://mysite.sharepoint.com/sites/mysite/twosite/pathl0ong/mysite-onepkg-3.onepkg,sites/mysite/twosite/pathl0ong/mysite-onepkg-3.onepkg
mysite-pdf-4.pdf,5/30/2025 20:32,The Person,Item,sites/mysite/37ite/pathl0ong,https://mysite.sharepoint.com/sites/mysite/37ite/pathl0ong/mysite-pdf-4.pdf,sites/mysite/37ite/pathl0ong/mysite-pdf-4.pdf
mysite-jpg-5.jpg,6/2/2025 9:01,The Person,Item,sites/mysite/3sit0e/pathl0ong,https://mysite.sharepoint.com/sites/mysite/3sit0e/pathl0ong/mysite-jpg-5.jpg,sites/mysite/3sit0e/pathl0ong/mysite-jpg-5.jpg
mysite-jpeg-6.jpeg,6/4/2025 21:30,The Person,Item,sites/mysite/3site/pathl0ong,https://mysite.sharepoint.com/sites/mysite/3site/pathl0ong/mysite-jpeg-6.jpeg,sites/mysite/3site/pathl0ong/mysite-jpeg-6.jpeg
mysite-svg-7.svg,6/7/2025 9:58,The Person,Item,sites/mysite/3site/pathl00ong,https://mysite.sharepoint.com/sites/mysite/3site/pathl00ong/mysite-svg-7.svg,sites/mysite/3site/pathl00ong/mysite-svg-7.svg
mysite-bmp-1.bmp,6/9/2025 22:27,The Person,Item,sites/mysite/twosite/pathl00ong,https://mysite.sharepoint.com/sites/mysite/twosite/pathl00ong/mysite-bmp-1.bmp,sites/mysite/twosite/pathl00ong/mysite-bmp-1.bmp
mysite-gif-2.gif,6/12/2025 10:56,The Person,Item,sites/mysite/37ite/pathl00ong,https://mysite.sharepoint.com/sites/mysite/37ite/pathl00ong/mysite-gif-2.gif,sites/mysite/37ite/pathl00ong/mysite-gif-2.gif
mysite-png-3.png,6/14/2025 23:25,The Person,Item,sites/mysite/3sit0e/pathl00ong,https://mysite.sharepoint.com/sites/mysite/3sit0e/pathl00ong/mysite-png-3.png,sites/mysite/3sit0e/pathl00ong/mysite-png-3.png
mysite-dng-4.dng,6/17/2025 11:54,The Person,Item,sites/mysite/3site/pathl00ong,https://mysite.sharepoint.com/sites/mysite/3site/pathl00ong/mysite-dng-4.dng,sites/mysite/3site/pathl00ong/mysite-dng-4.dng
mysite-tiff-5.tiff,6/20/2025 0:22,The Person,Item,sites/mysite/3site/pathlong,https://mysite.sharepoint.com/sites/mysite/3site/pathlong/mysite-tiff-5.tiff,sites/mysite/3site/pathlong/mysite-tiff-5.tiff
mysite-heic-6.heic,6/22/2025 12:51,The Person,Item,sites/mysite/twosite/pathlong,https://mysite.sharepoint.com/sites/mysite/twosite/pathlong/mysite-heic-6.heic,sites/mysite/twosite/pathlong/mysite-heic-6.heic
mysite-webp-7.webp,6/25/2025 1:20,The Person,Item,sites/mysite/37ite/pathlong,https://mysite.sharepoint.com/sites/mysite/37ite/pathlong/mysite-webp-7.webp,sites/mysite/37ite/pathlong/mysite-webp-7.webp
mysite-ico-1.ico,6/27/2025 13:49,The Person,Item,sites/mysite/3sit0e/pathlong,https://mysite.sharepoint.com/sites/mysite/3sit0e/pathlong/mysite-ico-1.ico,sites/mysite/3sit0e/pathlong/mysite-ico-1.ico
mysite-psd-2.psd,6/30/2025 2:18,The Person,Item,sites/mysite/3site/pathlong,https://mysite.sharepoint.com/sites/mysite/3site/pathlong/mysite-psd-2.psd,sites/mysite/3site/pathlong/mysite-psd-2.psd
mysite-pbix-3.pbix,7/2/2025 14:46,The Person,Item,sites/mysite/3site/pathl0ong,https://mysite.sharepoint.com/sites/mysite/3site/pathl0ong/mysite-pbix-3.pbix,sites/mysite/3site/pathl0ong/mysite-pbix-3.pbix
mysite-pbit-4.pbit,7/5/2025 3:15,The Person,Item,sites/mysite/twosite/pathl0ong,https://mysite.sharepoint.com/sites/mysite/twosite/pathl0ong/mysite-pbit-4.pbit,sites/mysite/twosite/pathl0ong/mysite-pbit-4.pbit
mysite-pptx-5.pptx,7/7/2025 15:44,The Person,Item,sites/mysite/37ite/pathl0ong,https://mysite.sharepoint.com/sites/mysite/37ite/pathl0ong/mysite-pptx-5.pptx,sites/mysite/37ite/pathl0ong/mysite-pptx-5.pptx
mysite-pptm-6.pptm,7/10/2025 4:13,The Person,Item,sites/mysite/3sit0e/pathl0ong,https://mysite.sharepoint.com/sites/mysite/3sit0e/pathl0ong/mysite-pptm-6.pptm,sites/mysite/3sit0e/pathl0ong/mysite-pptm-6.pptm
mysite-potx-7.potx,7/12/2025 16:42,The Person,Item,sites/mysite/3site/pathl0ong,https://mysite.sharepoint.com/sites/mysite/3site/pathl0ong/mysite-potx-7.potx,sites/mysite/3site/pathl0ong/mysite-potx-7.potx
mysite-pot-1.pot,7/15/2025 5:10,The Person,Item,sites/mysite/3site/pathl00ong,https://mysite.sharepoint.com/sites/mysite/3site/pathl00ong/mysite-pot-1.pot,sites/mysite/3site/pathl00ong/mysite-pot-1.pot
mysite-ppt-2.ppt,7/17/2025 17:39,The Person,Item,sites/mysite/twosite/pathl00ong,https://mysite.sharepoint.com/sites/mysite/twosite/pathl00ong/mysite-ppt-2.ppt,sites/mysite/twosite/pathl00ong/mysite-ppt-2.ppt
mysite-pps-3.pps,7/20/2025 6:08,The Person,Item,sites/mysite/37ite/pathl00ong,https://mysite.sharepoint.com/sites/mysite/37ite/pathl00ong/mysite-pps-3.pps,sites/mysite/37ite/pathl00ong/mysite-pps-3.pps
mysite-ppsx-4.ppsx,7/22/2025 18:37,The Person,Item,sites/mysite/3sit0e/pathl00ong,https://mysite.sharepoint.com/sites/mysite/3sit0e/pathl00ong/mysite-ppsx-4.ppsx,sites/mysite/3sit0e/pathl00ong/mysite-ppsx-4.ppsx
mysite-odp-5.odp,7/25/2025 7:06,The Person,Item,sites/mysite/3site/pathl00ong,https://mysite.sharepoint.com/sites/mysite/3site/pathl00ong/mysite-odp-5.odp,sites/mysite/3site/pathl00ong/mysite-odp-5.odp
mysite-rtf-6.rtf,7/27/2025 19:34,The Person,Item,sites/mysite/3site/pathlong,https://mysite.sharepoint.com/sites/mysite/3site/pathlong/mysite-rtf-6.rtf,sites/mysite/3site/pathlong/mysite-rtf-6.rtf
mysite-aspx-7.aspx,7/30/2025 8:03,The Person,Item,sites/mysite/twosite/pathlong,https://mysite.sharepoint.com/sites/mysite/twosite/pathlong/mysite-aspx-7.aspx,sites/mysite/twosite/pathlong/mysite-aspx-7.aspx
mysite-dll-1.dll,8/1/2025 20:32,The Person,Item,sites/mysite/37ite/pathlong,https://mysite.sharepoint.com/sites/mysite/37ite/pathlong/mysite-dll-1.dll,sites/mysite/37ite/pathlong/mysite-dll-1.dll
mysite-sys-2.sys,8/4/2025 9:01,The Person,Item,sites/mysite/3sit0e/pathlong,https://mysite.sharepoint.com/sites/mysite/3sit0e/pathlong/mysite-sys-2.sys,sites/mysite/3sit0e/pathlong/mysite-sys-2.sys
mysite-ocx-3.ocx,8/6/2025 21:30,The Person,Item,sites/mysite/3site/pathlong,https://mysite.sharepoint.com/sites/mysite/3site/pathlong/mysite-ocx-3.ocx,sites/mysite/3site/pathlong/mysite-ocx-3.ocx
mysite-drv-4.drv,8/9/2025 9:58,The Person,Item,sites/mysite/3site/pathl0ong,https://mysite.sharepoint.com/sites/mysite/3site/pathl0ong/mysite-drv-4.drv,sites/mysite/3site/pathl0ong/mysite-drv-4.drv
mysite-txt-5.txt,8/11/2025 22:27,The Person,Item,sites/mysite/twosite/pathl0ong,https://mysite.sharepoint.com/sites/mysite/twosite/pathl0ong/mysite-txt-5.txt,sites/mysite/twosite/pathl0ong/mysite-txt-5.txt
mysite-md-6.md,8/14/2025 10:56,The Person,Item,sites/mysite/37ite/pathl0ong,https://mysite.sharepoint.com/sites/mysite/37ite/pathl0ong/mysite-md-6.md,sites/mysite/37ite/pathl0ong/mysite-md-6.md
mysite-log-7.log,8/16/2025 23:25,The Person,Item,sites/mysite/3sit0e/pathl0ong,https://mysite.sharepoint.com/sites/mysite/3sit0e/pathl0ong/mysite-log-7.log,sites/mysite/3sit0e/pathl0ong/mysite-log-7.log
mysite-ini-1.ini,8/19/2025 11:54,The Person,Item,sites/mysite/3site/pathl0ong,https://mysite.sharepoint.com/sites/mysite/3site/pathl0ong/mysite-ini-1.ini,sites/mysite/3site/pathl0ong/mysite-ini-1.ini
mysite-cfg-2.cfg,8/22/2025 0:22,The Person,Item,sites/mysite/3site/pathl00ong,https://mysite.sharepoint.com/sites/mysite/3site/pathl00ong/mysite-cfg-2.cfg,sites/mysite/3site/pathl00ong/mysite-cfg-2.cfg
mysite-conf-3.conf,8/24/2025 12:51,The Person,Item,sites/mysite/twosite/pathl00ong,https://mysite.sharepoint.com/sites/mysite/twosite/pathl00ong/mysite-conf-3.conf,sites/mysite/twosite/pathl00ong/mysite-conf-3.conf
mysite-json-4.json,8/27/2025 1:20,The Person,Item,sites/mysite/37ite/pathl00ong,https://mysite.sharepoint.com/sites/mysite/37ite/pathl00ong/mysite-json-4.json,sites/mysite/37ite/pathl00ong/mysite-json-4.json
mysite-yaml-5.yaml,8/29/2025 13:49,The Person,Item,sites/mysite/3sit0e/pathl00ong,https://mysite.sharepoint.com/sites/mysite/3sit0e/pathl00ong/mysite-yaml-5.yaml,sites/mysite/3sit0e/pathl00ong/mysite-yaml-5.yaml
mysite-yml-6.yml,9/1/2025 2:18,The Person,Item,sites/mysite/3site/pathl00ong,https://mysite.sharepoint.com/sites/mysite/3site/pathl00ong/mysite-yml-6.yml,sites/mysite/3site/pathl00ong/mysite-yml-6.yml
mysite-toml-7.toml,9/3/2025 14:46,The Person,Item,sites/mysite/3site/pathlong,https://mysite.sharepoint.com/sites/mysite/3site/pathlong/mysite-toml-7.toml,sites/mysite/3site/pathlong/mysite-toml-7.toml
mysite-mp4-1.mp4,9/6/2025 3:15,The Person,Item,sites/mysite/twosite/pathlong,https://mysite.sharepoint.com/sites/mysite/twosite/pathlong/mysite-mp4-1.mp4,sites/mysite/twosite/pathlong/mysite-mp4-1.mp4
mysite-avi-2.avi,9/8/2025 15:44,The Person,Item,sites/mysite/37ite/pathlong,https://mysite.sharepoint.com/sites/mysite/37ite/pathlong/mysite-avi-2.avi,sites/mysite/37ite/pathlong/mysite-avi-2.avi
mysite-mpeg4-3.mpeg4,9/11/2025 4:13,The Person,Item,sites/mysite/3sit0e/pathlong,https://mysite.sharepoint.com/sites/mysite/3sit0e/pathlong/mysite-mpeg4-3.mpeg4,sites/mysite/3sit0e/pathlong/mysite-mpeg4-3.mpeg4
mysite-mov-4.mov,9/13/2025 16:42,The Person,Item,sites/mysite/3site/pathlong,https://mysite.sharepoint.com/sites/mysite/3site/pathlong/mysite-mov-4.mov,sites/mysite/3site/pathlong/mysite-mov-4.mov
mysite-mkv-5.mkv,9/16/2025 5:10,The Person,Item,sites/mysite/3site/pathl0ong,https://mysite.sharepoint.com/sites/mysite/3site/pathl0ong/mysite-mkv-5.mkv,sites/mysite/3site/pathl0ong/mysite-mkv-5.mkv
mysite-webm-6.webm,9/18/2025 17:39,The Person,Item,sites/mysite/twosite/pathl0ong,https://mysite.sharepoint.com/sites/mysite/twosite/pathl0ong/mysite-webm-6.webm,sites/mysite/twosite/pathl0ong/mysite-webm-6.webm
mysite-flv-7.flv,9/21/2025 6:08,The Person,Item,sites/mysite/37ite/pathl0ong,https://mysite.sharepoint.com/sites/mysite/37ite/pathl0ong/mysite-flv-7.flv,sites/mysite/37ite/pathl0ong/mysite-flv-7.flv
mysite-wmv-1.wmv,9/23/2025 18:37,The Person,Item,sites/mysite/3sit0e/pathl0ong,https://mysite.sharepoint.com/sites/mysite/3sit0e/pathl0ong/mysite-wmv-1.wmv,sites/mysite/3sit0e/pathl0ong/mysite-wmv-1.wmv
mysite-m4v-2.m4v,9/26/2025 7:06,The Person,Item,sites/mysite/3site/pathl0ong,https://mysite.sharepoint.com/sites/mysite/3site/pathl0ong/mysite-m4v-2.m4v,sites/mysite/3site/pathl0ong/mysite-m4v-2.m4v
mysite-mpg-3.mpg,9/28/2025 19:34,The Person,Item,sites/mysite/3site/pathl00ong,https://mysite.sharepoint.com/sites/mysite/3site/pathl00ong/mysite-mpg-3.mpg,sites/mysite/3site/pathl00ong/mysite-mpg-3.mpg
mysite-mpeg-4.mpeg,10/1/2025 8:03,The Person,Item,sites/mysite/twosite/pathl00ong,https://mysite.sharepoint.com/sites/mysite/twosite/pathl00ong/mysite-mpeg-4.mpeg,sites/mysite/twosite/pathl00ong/mysite-mpeg-4.mpeg
mysite-3gp-5.3gp,10/3/2025 20:32,The Person,Item,sites/mysite/37ite/pathl00ong,https://mysite.sharepoint.com/sites/mysite/37ite/pathl00ong/mysite-3gp-5.3gp,sites/mysite/37ite/pathl00ong/mysite-3gp-5.3gp
mysite-xlsx-6.xlsx,10/6/2025 9:01,The Person,Item,sites/mysite/3sit0e/pathl00ong,https://mysite.sharepoint.com/sites/mysite/3sit0e/pathl00ong/mysite-xlsx-6.xlsx,sites/mysite/3sit0e/pathl00ong/mysite-xlsx-6.xlsx
mysite-xlsm-7.xlsm,10/8/2025 21:30,The Person,Item,sites/mysite/3site/pathl00ong,https://mysite.sharepoint.com/sites/mysite/3site/pathl00ong/mysite-xlsm-7.xlsm,sites/mysite/3site/pathl00ong/mysite-xlsm-7.xlsm
mysite-xls-1.xls,10/11/2025 9:58,The Person,Item,sites/mysite/3site/pathlong,https://mysite.sharepoint.com/sites/mysite/3site/pathlong/mysite-xls-1.xls,sites/mysite/3site/pathlong/mysite-xls-1.xls
mysite-xltx-2.xltx,10/13/2025 22:27,The Person,Item,sites/mysite/twosite/pathlong,https://mysite.sharepoint.com/sites/mysite/twosite/pathlong/mysite-xltx-2.xltx,sites/mysite/twosite/pathlong/mysite-xltx-2.xltx
mysite-xltm-3.xltm,10/16/2025 10:56,The Person,Item,sites/mysite/37ite/pathlong,https://mysite.sharepoint.com/sites/mysite/37ite/pathlong/mysite-xltm-3.xltm,sites/mysite/37ite/pathlong/mysite-xltm-3.xltm
mysite-xla-4.xla,10/18/2025 23:25,The Person,Item,sites/mysite/3sit0e/pathlong,https://mysite.sharepoint.com/sites/mysite/3sit0e/pathlong/mysite-xla-4.xla,sites/mysite/3sit0e/pathlong/mysite-xla-4.xla
mysite-xlam-5.xlam,10/21/2025 11:54,The Person,Item,sites/mysite/3site/pathlong,https://mysite.sharepoint.com/sites/mysite/3site/pathlong/mysite-xlam-5.xlam,sites/mysite/3site/pathlong/mysite-xlam-5.xlam
mysite-xlsb-6.xlsb,10/24/2025 0:22,The Person,Item,sites/mysite/3site/pathl0ong,https://mysite.sharepoint.com/sites/mysite/3site/pathl0ong/mysite-xlsb-6.xlsb,sites/mysite/3site/pathl0ong/mysite-xlsb-6.xlsb
mysite-ods-7.ods,10/26/2025 12:51,The Person,Item,sites/mysite/twosite/pathl0ong,https://mysite.sharepoint.com/sites/mysite/twosite/pathl0ong/mysite-ods-7.ods,sites/mysite/twosite/pathl0ong/mysite-ods-7.ods
mysite-xml-1.xml,10/29/2025 1:20,The Person,Item,sites/mysite/37ite/pathl0ong,https://mysite.sharepoint.com/sites/mysite/37ite/pathl0ong/mysite-xml-1.xml,sites/mysite/37ite/pathl0ong/mysite-xml-1.xml
mysite-xsl-2.xsl,10/31/2025 13:49,The Person,Item,sites/mysite/3sit0e/pathl0ong,https://mysite.sharepoint.com/sites/mysite/3sit0e/pathl0ong/mysite-xsl-2.xsl,sites/mysite/3sit0e/pathl0ong/mysite-xsl-2.xsl
mysite-xslt-3.xslt,11/3/2025 2:18,The Person,Item,sites/mysite/3site/pathl0ong,https://mysite.sharepoint.com/sites/mysite/3site/pathl0ong/mysite-xslt-3.xslt,sites/mysite/3site/pathl0ong/mysite-xslt-3.xslt
mysite-xsd-4.xsd,11/5/2025 14:46,The Person,Item,sites/mysite/3site/pathl00ong,https://mysite.sharepoint.com/sites/mysite/3site/pathl00ong/mysite-xsd-4.xsd,sites/mysite/3site/pathl00ong/mysite-xsd-4.xsd
mysite-dtd-5.dtd,11/8/2025 3:15,The Person,Item,sites/mysite/twosite/pathl00ong,https://mysite.sharepoint.com/sites/mysite/twosite/pathl00ong/mysite-dtd-5.dtd,sites/mysite/twosite/pathl00ong/mysite-dtd-5.dtd
mysite-zip-6.zip,11/10/2025 15:44,The Person,Item,sites/mysite/37ite/pathl00ong,https://mysite.sharepoint.com/sites/mysite/37ite/pathl00ong/mysite-zip-6.zip,sites/mysite/37ite/pathl00ong/mysite-zip-6.zip
mysite-7z-7.7z,11/13/2025 4:13,The Person,Item,sites/mysite/3sit0e/pathl00ong,https://mysite.sharepoint.com/sites/mysite/3sit0e/pathl00ong/mysite-7z-7.7z,sites/mysite/3sit0e/pathl00ong/mysite-7z-7.7z
mysite-rar-1.rar,11/15/2025 16:42,The Person,Item,sites/mysite/3site/pathl00ong,https://mysite.sharepoint.com/sites/mysite/3site/pathl00ong/mysite-rar-1.rar,sites/mysite/3site/pathl00ong/mysite-rar-1.rar
mysite-tar-2.tar,11/18/2025 5:10,The Person,Item,sites/mysite/3site/pathlong,https://mysite.sharepoint.com/sites/mysite/3site/pathlong/mysite-tar-2.tar,sites/mysite/3site/pathlong/mysite-tar-2.tar
mysite-gz-3.gz,11/20/2025 17:39,The Person,Item,sites/mysite/twosite/pathlong,https://mysite.sharepoint.com/sites/mysite/twosite/pathlong/mysite-gz-3.gz,sites/mysite/twosite/pathlong/mysite-gz-3.gz
mysite-bz2-4.bz2,11/23/2025 6:08,The Person,Item,sites/mysite/37ite/pathlong,https://mysite.sharepoint.com/sites/mysite/37ite/pathlong/mysite-bz2-4.bz2,sites/mysite/37ite/pathlong/mysite-bz2-4.bz2
mysite-xz-5.xz,11/25/2025 18:37,The Person,Item,sites/mysite/3sit0e/pathlong,https://mysite.sharepoint.com/sites/mysite/3sit0e/pathlong/mysite-xz-5.xz,sites/mysite/3sit0e/pathlong/mysite-xz-5.xz
mysite-iso-6.iso,11/28/2025 7:06,The Person,Item,sites/mysite/3site/pathlong,https://mysite.sharepoint.com/sites/mysite/3site/pathlong/mysite-iso-6.iso,sites/mysite/3site/pathlong/mysite-iso-6.iso
mysite-dmg-7.dmg,11/30/2025 19:34,The Person,Item,sites/mysite/3site/pathl0ong,https://mysite.sharepoint.com/sites/mysite/3site/pathl0ong/mysite-dmg-7.dmg,sites/mysite/3site/pathl0ong/mysite-dmg-7.dmg
mysite-mp3-1.mp3,1/19/2025 19:34,The Person,Item,sites/thispage/3site/pathlong,https://mysite.sharepoint.com/sites/thispage/3site/pathlong/mysite-mp3-1.mp3,sites/thispage/3site/pathlong/mysite-mp3-1.mp3
mysite-wav-2.wav,1/22/2025 8:03,The Person,Item,sites/thispage/twosite/pathlong,https://mysite.sharepoint.com/sites/thispage/twosite/pathlong/mysite-wav-2.wav,sites/thispage/twosite/pathlong/mysite-wav-2.wav
mysite-flac-3.flac,1/24/2025 20:32,The Person,Item,sites/thispage/37ite/pathlong,https://mysite.sharepoint.com/sites/thispage/37ite/pathlong/mysite-flac-3.flac,sites/thispage/37ite/pathlong/mysite-flac-3.flac
mysite-ogg-4.ogg,1/27/2025 9:01,The Person,Item,sites/thispage/3sit0e/pathlong,https://mysite.sharepoint.com/sites/thispage/3sit0e/pathlong/mysite-ogg-4.ogg,sites/thispage/3sit0e/pathlong/mysite-ogg-4.ogg
mysite-aac-5.aac,1/29/2025 21:30,The Person,Item,sites/thispage/3site/pathlong,https://mysite.sharepoint.com/sites/thispage/3site/pathlong/mysite-aac-5.aac,sites/thispage/3site/pathlong/mysite-aac-5.aac
mysite-m4a-6.m4a,2/1/2025 9:58,The Person,Item,sites/thispage/3site/pathl0ong,https://mysite.sharepoint.com/sites/thispage/3site/pathl0ong/mysite-m4a-6.m4a,sites/thispage/3site/pathl0ong/mysite-m4a-6.m4a
mysite-wma-7.wma,2/3/2025 22:27,The Person,Item,sites/thispage/twosite/pathl0ong,https://mysite.sharepoint.com/sites/thispage/twosite/pathl0ong/mysite-wma-7.wma,sites/thispage/twosite/pathl0ong/mysite-wma-7.wma
mysite-opus-1.opus,2/6/2025 10:56,The Person,Item,sites/thispage/37ite/pathl0ong,https://mysite.sharepoint.com/sites/thispage/37ite/pathl0ong/mysite-opus-1.opus,sites/thispage/37ite/pathl0ong/mysite-opus-1.opus
mysite-aiff-2.aiff,2/8/2025 23:25,The Person,Item,sites/thispage/3sit0e/pathl0ong,https://mysite.sharepoint.com/sites/thispage/3sit0e/pathl0ong/mysite-aiff-2.aiff,sites/thispage/3sit0e/pathl0ong/mysite-aiff-2.aiff
mysite-alac-3.alac,2/11/2025 11:54,The Person,Item,sites/thispage/3site/pathl0ong,https://mysite.sharepoint.com/sites/thispage/3site/pathl0ong/mysite-alac-3.alac,sites/thispage/3site/pathl0ong/mysite-alac-3.alac
mysite-cpp-4.cpp,2/14/2025 0:22,The Person,Item,sites/thispage/3site/pathl00ong,https://mysite.sharepoint.com/sites/thispage/3site/pathl00ong/mysite-cpp-4.cpp,sites/thispage/3site/pathl00ong/mysite-cpp-4.cpp
mysite-bat-5.bat,2/16/2025 12:51,The Person,Item,sites/thispage/twosite/pathl00ong,https://mysite.sharepoint.com/sites/thispage/twosite/pathl00ong/mysite-bat-5.bat,sites/thispage/twosite/pathl00ong/mysite-bat-5.bat
mysite-py-6.py,2/19/2025 1:20,The Person,Item,sites/thispage/37ite/pathl00ong,https://mysite.sharepoint.com/sites/thispage/37ite/pathl00ong/mysite-py-6.py,sites/thispage/37ite/pathl00ong/mysite-py-6.py
mysite-ps1-7.ps1,2/21/2025 13:49,The Person,Item,sites/thispage/3sit0e/pathl00ong,https://mysite.sharepoint.com/sites/thispage/3sit0e/pathl00ong/mysite-ps1-7.ps1,sites/thispage/3sit0e/pathl00ong/mysite-ps1-7.ps1
mysite-vbs-1.vbs,2/24/2025 2:18,The Person,Item,sites/thispage/3site/pathl00ong,https://mysite.sharepoint.com/sites/thispage/3site/pathl00ong/mysite-vbs-1.vbs,sites/thispage/3site/pathl00ong/mysite-vbs-1.vbs
mysite-h-2.h,2/26/2025 14:46,The Person,Item,sites/thispage/3site/pathlong,https://mysite.sharepoint.com/sites/thispage/3site/pathlong/mysite-h-2.h,sites/thispage/3site/pathlong/mysite-h-2.h
mysite-js-3.js,3/1/2025 3:15,The Person,Item,sites/thispage/twosite/pathlong,https://mysite.sharepoint.com/sites/thispage/twosite/pathlong/mysite-js-3.js,sites/thispage/twosite/pathlong/mysite-js-3.js
mysite-ts-4.ts,3/3/2025 15:44,The Person,Item,sites/thispage/37ite/pathlong,https://mysite.sharepoint.com/sites/thispage/37ite/pathlong/mysite-ts-4.ts,sites/thispage/37ite/pathlong/mysite-ts-4.ts
mysite-java-5.java,3/6/2025 4:13,The Person,Item,sites/thispage/3sit0e/pathlong,https://mysite.sharepoint.com/sites/thispage/3sit0e/pathlong/mysite-java-5.java,sites/thispage/3sit0e/pathlong/mysite-java-5.java
mysite-c-6.c,3/8/2025 16:42,The Person,Item,sites/thispage/3site/pathlong,https://mysite.sharepoint.com/sites/thispage/3site/pathlong/mysite-c-6.c,sites/thispage/3site/pathlong/mysite-c-6.c
mysite-cs-7.cs,3/11/2025 5:10,The Person,Item,sites/thispage/3site/pathl0ong,https://mysite.sharepoint.com/sites/thispage/3site/pathl0ong/mysite-cs-7.cs,sites/thispage/3site/pathl0ong/mysite-cs-7.cs
mysite-go-1.go,3/13/2025 17:39,The Person,Item,sites/thispage/twosite/pathl0ong,https://mysite.sharepoint.com/sites/thispage/twosite/pathl0ong/mysite-go-1.go,sites/thispage/twosite/pathl0ong/mysite-go-1.go
mysite-cmd-2.cmd,3/16/2025 6:08,The Person,Item,sites/thispage/37ite/pathl0ong,https://mysite.sharepoint.com/sites/thispage/37ite/pathl0ong/mysite-cmd-2.cmd,sites/thispage/37ite/pathl0ong/mysite-cmd-2.cmd
mysite-vcf-3.vcf,3/18/2025 18:37,The Person,Item,sites/thispage/3sit0e/pathl0ong,https://mysite.sharepoint.com/sites/thispage/3sit0e/pathl0ong/mysite-vcf-3.vcf,sites/thispage/3sit0e/pathl0ong/mysite-vcf-3.vcf
mysite-contact-4.contact,3/21/2025 7:06,The Person,Item,sites/thispage/3site/pathl0ong,https://mysite.sharepoint.com/sites/thispage/3site/pathl0ong/mysite-contact-4.contact,sites/thispage/3site/pathl0ong/mysite-contact-4.contact
mysite-agent-5.agent,3/23/2025 19:34,The Person,Item,sites/thispage/3site/pathl00ong,https://mysite.sharepoint.com/sites/thispage/3site/pathl00ong/mysite-agent-5.agent,sites/thispage/3site/pathl00ong/mysite-agent-5.agent
mysite-csv-6.csv,3/26/2025 8:03,The Person,Item,sites/thispage/twosite/pathl00ong,https://mysite.sharepoint.com/sites/thispage/twosite/pathl00ong/mysite-csv-6.csv,sites/thispage/twosite/pathl00ong/mysite-csv-6.csv
mysite-tsv-7.tsv,3/28/2025 20:32,The Person,Item,sites/thispage/37ite/pathl00ong,https://mysite.sharepoint.com/sites/thispage/37ite/pathl00ong/mysite-tsv-7.tsv,sites/thispage/37ite/pathl00ong/mysite-tsv-7.tsv
mysite-doc-1.doc,3/31/2025 9:01,The Person,Item,sites/thispage/3sit0e/pathl00ong,https://mysite.sharepoint.com/sites/thispage/3sit0e/pathl00ong/mysite-doc-1.doc,sites/thispage/3sit0e/pathl00ong/mysite-doc-1.doc
mysite-docx-2.docx,4/2/2025 21:30,The Person,Item,sites/thispage/3site/pathl00ong,https://mysite.sharepoint.com/sites/thispage/3site/pathl00ong/mysite-docx-2.docx,sites/thispage/3site/pathl00ong/mysite-docx-2.docx
mysite-docm-3.docm,4/5/2025 9:58,The Person,Item,sites/thispage/3site/pathlong,https://mysite.sharepoint.com/sites/thispage/3site/pathlong/mysite-docm-3.docm,sites/thispage/3site/pathlong/mysite-docm-3.docm
mysite-dotx-4.dotx,4/7/2025 22:27,The Person,Item,sites/thispage/twosite/pathlong,https://mysite.sharepoint.com/sites/thispage/twosite/pathlong/mysite-dotx-4.dotx,sites/thispage/twosite/pathlong/mysite-dotx-4.dotx
mysite-dot-5.dot,4/10/2025 10:56,The Person,Item,sites/thispage/37ite/pathlong,https://mysite.sharepoint.com/sites/thispage/37ite/pathlong/mysite-dot-5.dot,sites/thispage/37ite/pathlong/mysite-dot-5.dot
mysite-odt-6.odt,4/12/2025 23:25,The Person,Item,sites/thispage/3sit0e/pathlong,https://mysite.sharepoint.com/sites/thispage/3sit0e/pathlong/mysite-odt-6.odt,sites/thispage/3sit0e/pathlong/mysite-odt-6.odt
mysite-exe-7.exe,4/15/2025 11:54,The Person,Item,sites/thispage/3site/pathlong,https://mysite.sharepoint.com/sites/thispage/3site/pathlong/mysite-exe-7.exe,sites/thispage/3site/pathlong/mysite-exe-7.exe
mysite-msi-1.msi,4/18/2025 0:22,The Person,Item,sites/thispage/3site/pathl0ong,https://mysite.sharepoint.com/sites/thispage/3site/pathl0ong/mysite-msi-1.msi,sites/thispage/3site/pathl0ong/mysite-msi-1.msi
mysite-com-2.com,4/20/2025 12:51,The Person,Item,sites/thispage/twosite/pathl0ong,https://mysite.sharepoint.com/sites/thispage/twosite/pathl0ong/mysite-com-2.com,sites/thispage/twosite/pathl0ong/mysite-com-2.com
mysite-scr-3.scr,4/23/2025 1:20,The Person,Item,sites/thispage/37ite/pathl0ong,https://mysite.sharepoint.com/sites/thispage/37ite/pathl0ong/mysite-scr-3.scr,sites/thispage/37ite/pathl0ong/mysite-scr-3.scr
mysite-htm-4.htm,4/25/2025 13:49,The Person,Item,sites/thispage/3sit0e/pathl0ong,https://mysite.sharepoint.com/sites/thispage/3sit0e/pathl0ong/mysite-htm-4.htm,sites/thispage/3sit0e/pathl0ong/mysite-htm-4.htm
mysite-mht-5.mht,4/28/2025 2:18,The Person,Item,sites/thispage/3site/pathl0ong,https://mysite.sharepoint.com/sites/thispage/3site/pathl0ong/mysite-mht-5.mht,sites/thispage/3site/pathl0ong/mysite-mht-5.mht
mysite-html-6.html,4/30/2025 14:46,The Person,Item,sites/thispage/3site/pathl00ong,https://mysite.sharepoint.com/sites/thispage/3site/pathl00ong/mysite-html-6.html,sites/thispage/3site/pathl00ong/mysite-html-6.html
mysite-mhtml-7.mhtml,5/3/2025 3:15,The Person,Item,sites/thispage/twosite/pathl00ong,https://mysite.sharepoint.com/sites/thispage/twosite/pathl00ong/mysite-mhtml-7.mhtml,sites/thispage/twosite/pathl00ong/mysite-mhtml-7.mhtml
mysite-xhtml-1.xhtml,5/5/2025 15:44,The Person,Item,sites/thispage/37ite/pathl00ong,https://mysite.sharepoint.com/sites/thispage/37ite/pathl00ong/mysite-xhtml-1.xhtml,sites/thispage/37ite/pathl00ong/mysite-xhtml-1.xhtml
mysite-shtml-2.shtml,5/8/2025 4:13,The Person,Item,sites/thispage/3sit0e/pathl00ong,https://mysite.sharepoint.com/sites/thispage/3sit0e/pathl00ong/mysite-shtml-2.shtml,sites/thispage/3sit0e/pathl00ong/mysite-shtml-2.shtml
mysite-lnk-3.lnk,5/10/2025 16:42,The Person,Item,sites/thispage/3site/pathl00ong,https://mysite.sharepoint.com/sites/thispage/3site/pathl00ong/mysite-lnk-3.lnk,sites/thispage/3site/pathl00ong/mysite-lnk-3.lnk
mysite-url-4.url,5/13/2025 5:10,The Person,Item,sites/thispage/3site/pathlong,https://mysite.sharepoint.com/sites/thispage/3site/pathlong/mysite-url-4.url,sites/thispage/3site/pathlong/mysite-url-4.url
mysite-webloc-5.webloc,5/15/2025 17:39,The Person,Item,sites/thispage/twosite/pathlong,https://mysite.sharepoint.com/sites/thispage/twosite/pathlong/mysite-webloc-5.webloc,sites/thispage/twosite/pathlong/mysite-webloc-5.webloc
mysite-loop-6.loop,5/18/2025 6:08,The Person,Item,sites/thispage/37ite/pathlong,https://mysite.sharepoint.com/sites/thispage/37ite/pathlong/mysite-loop-6.loop,sites/thispage/37ite/pathlong/mysite-loop-6.loop
mysite-odst-7.odst,5/20/2025 18:37,The Person,Item,sites/thispage/3sit0e/pathlong,https://mysite.sharepoint.com/sites/thispage/3sit0e/pathlong/mysite-odst-7.odst,sites/thispage/3sit0e/pathlong/mysite-odst-7.odst
mysite-onenote-1.onenote,5/23/2025 7:06,The Person,Item,sites/thispage/3site/pathlong,https://mysite.sharepoint.com/sites/thispage/3site/pathlong/mysite-onenote-1.onenote,sites/thispage/3site/pathlong/mysite-onenote-1.onenote
mysite-one-2.one,5/25/2025 19:34,The Person,Item,sites/thispage/3site/pathl0ong,https://mysite.sharepoint.com/sites/thispage/3site/pathl0ong/mysite-one-2.one,sites/thispage/3site/pathl0ong/mysite-one-2.one
mysite-onepkg-3.onepkg,5/28/2025 8:03,The Person,Item,sites/thispage/twosite/pathl0ong,https://mysite.sharepoint.com/sites/thispage/twosite/pathl0ong/mysite-onepkg-3.onepkg,sites/thispage/twosite/pathl0ong/mysite-onepkg-3.onepkg
mysite-pdf-4.pdf,5/30/2025 20:32,The Person,Item,sites/thispage/37ite/pathl0ong,https://mysite.sharepoint.com/sites/thispage/37ite/pathl0ong/mysite-pdf-4.pdf,sites/thispage/37ite/pathl0ong/mysite-pdf-4.pdf
mysite-jpg-5.jpg,6/2/2025 9:01,The Person,Item,sites/thispage/3sit0e/pathl0ong,https://mysite.sharepoint.com/sites/thispage/3sit0e/pathl0ong/mysite-jpg-5.jpg,sites/thispage/3sit0e/pathl0ong/mysite-jpg-5.jpg
mysite-jpeg-6.jpeg,6/4/2025 21:30,The Person,Item,sites/thispage/3site/pathl0ong,https://mysite.sharepoint.com/sites/thispage/3site/pathl0ong/mysite-jpeg-6.jpeg,sites/thispage/3site/pathl0ong/mysite-jpeg-6.jpeg
mysite-svg-7.svg,6/7/2025 9:58,The Person,Item,sites/thispage/3site/pathl00ong,https://mysite.sharepoint.com/sites/thispage/3site/pathl00ong/mysite-svg-7.svg,sites/thispage/3site/pathl00ong/mysite-svg-7.svg
mysite-bmp-1.bmp,6/9/2025 22:27,The Person,Item,sites/thispage/twosite/pathl00ong,https://mysite.sharepoint.com/sites/thispage/twosite/pathl00ong/mysite-bmp-1.bmp,sites/thispage/twosite/pathl00ong/mysite-bmp-1.bmp
mysite-gif-2.gif,6/12/2025 10:56,The Person,Item,sites/thispage/37ite/pathl00ong,https://mysite.sharepoint.com/sites/thispage/37ite/pathl00ong/mysite-gif-2.gif,sites/thispage/37ite/pathl00ong/mysite-gif-2.gif
mysite-png-3.png,6/14/2025 23:25,The Person,Item,sites/thispage/3sit0e/pathl00ong,https://mysite.sharepoint.com/sites/thispage/3sit0e/pathl00ong/mysite-png-3.png,sites/thispage/3sit0e/pathl00ong/mysite-png-3.png
mysite-dng-4.dng,6/17/2025 11:54,The Person,Item,sites/thispage/3site/pathl00ong,https://mysite.sharepoint.com/sites/thispage/3site/pathl00ong/mysite-dng-4.dng,sites/thispage/3site/pathl00ong/mysite-dng-4.dng
mysite-tiff-5.tiff,6/20/2025 0:22,The Person,Item,sites/thispage/3site/pathlong,https://mysite.sharepoint.com/sites/thispage/3site/pathlong/mysite-tiff-5.tiff,sites/thispage/3site/pathlong/mysite-tiff-5.tiff
mysite-heic-6.heic,6/22/2025 12:51,The Person,Item,sites/thispage/twosite/pathlong,https://mysite.sharepoint.com/sites/thispage/twosite/pathlong/mysite-heic-6.heic,sites/thispage/twosite/pathlong/mysite-heic-6.heic
mysite-webp-7.webp,6/25/2025 1:20,The Person,Item,sites/thispage/37ite/pathlong,https://mysite.sharepoint.com/sites/thispage/37ite/pathlong/mysite-webp-7.webp,sites/thispage/37ite/pathlong/mysite-webp-7.webp
mysite-ico-1.ico,6/27/2025 13:49,The Person,Item,sites/thispage/3sit0e/pathlong,https://mysite.sharepoint.com/sites/thispage/3sit0e/pathlong/mysite-ico-1.ico,sites/thispage/3sit0e/pathlong/mysite-ico-1.ico
mysite-psd-2.psd,6/30/2025 2:18,The Person,Item,sites/thispage/3site/pathlong,https://mysite.sharepoint.com/sites/thispage/3site/pathlong/mysite-psd-2.psd,sites/thispage/3site/pathlong/mysite-psd-2.psd
mysite-pbix-3.pbix,7/2/2025 14:46,The Person,Item,sites/thispage/3site/pathl0ong,https://mysite.sharepoint.com/sites/thispage/3site/pathl0ong/mysite-pbix-3.pbix,sites/thispage/3site/pathl0ong/mysite-pbix-3.pbix
mysite-pbit-4.pbit,7/5/2025 3:15,The Person,Item,sites/thispage/twosite/pathl0ong,https://mysite.sharepoint.com/sites/thispage/twosite/pathl0ong/mysite-pbit-4.pbit,sites/thispage/twosite/pathl0ong/mysite-pbit-4.pbit
mysite-pptx-5.pptx,7/7/2025 15:44,The Person,Item,sites/thispage/37ite/pathl0ong,https://mysite.sharepoint.com/sites/thispage/37ite/pathl0ong/mysite-pptx-5.pptx,sites/thispage/37ite/pathl0ong/mysite-pptx-5.pptx
mysite-pptm-6.pptm,7/10/2025 4:13,The Person,Item,sites/thispage/3sit0e/pathl0ong,https://mysite.sharepoint.com/sites/thispage/3sit0e/pathl0ong/mysite-pptm-6.pptm,sites/thispage/3sit0e/pathl0ong/mysite-pptm-6.pptm
mysite-potx-7.potx,7/12/2025 16:42,The Person,Item,sites/thispage/3site/pathl0ong,https://mysite.sharepoint.com/sites/thispage/3site/pathl0ong/mysite-potx-7.potx,sites/thispage/3site/pathl0ong/mysite-potx-7.potx
mysite-pot-1.pot,7/15/2025 5:10,The Person,Item,sites/thispage/3site/pathl00ong,https://mysite.sharepoint.com/sites/thispage/3site/pathl00ong/mysite-pot-1.pot,sites/thispage/3site/pathl00ong/mysite-pot-1.pot
mysite-ppt-2.ppt,7/17/2025 17:39,The Person,Item,sites/thispage/twosite/pathl00ong,https://mysite.sharepoint.com/sites/thispage/twosite/pathl00ong/mysite-ppt-2.ppt,sites/thispage/twosite/pathl00ong/mysite-ppt-2.ppt
mysite-pps-3.pps,7/20/2025 6:08,The Person,Item,sites/thispage/37ite/pathl00ong,https://mysite.sharepoint.com/sites/thispage/37ite/pathl00ong/mysite-pps-3.pps,sites/thispage/37ite/pathl00ong/mysite-pps-3.pps
mysite-ppsx-4.ppsx,7/22/2025 18:37,The Person,Item,sites/thispage/3sit0e/pathl00ong,https://mysite.sharepoint.com/sites/thispage/3sit0e/pathl00ong/mysite-ppsx-4.ppsx,sites/thispage/3sit0e/pathl00ong/mysite-ppsx-4.ppsx
mysite-odp-5.odp,7/25/2025 7:06,The Person,Item,sites/thispage/3site/pathl00ong,https://mysite.sharepoint.com/sites/thispage/3site/pathl00ong/mysite-odp-5.odp,sites/thispage/3site/pathl00ong/mysite-odp-5.odp
mysite-rtf-6.rtf,7/27/2025 19:34,The Person,Item,sites/thispage/3site/pathlong,https://mysite.sharepoint.com/sites/thispage/3site/pathlong/mysite-rtf-6.rtf,sites/thispage/3site/pathlong/mysite-rtf-6.rtf
mysite-aspx-7.aspx,7/30/2025 8:03,The Person,Item,sites/thispage/twosite/pathlong,https://mysite.sharepoint.com/sites/thispage/twosite/pathlong/mysite-aspx-7.aspx,sites/thispage/twosite/pathlong/mysite-aspx-7.aspx
mysite-dll-1.dll,8/1/2025 20:32,The Person,Item,sites/thispage/37ite/pathlong,https://mysite.sharepoint.com/sites/thispage/37ite/pathlong/mysite-dll-1.dll,sites/thispage/37ite/pathlong/mysite-dll-1.dll
mysite-sys-2.sys,8/4/2025 9:01,The Person,Item,sites/thispage/3sit0e/pathlong,https://mysite.sharepoint.com/sites/thispage/3sit0e/pathlong/mysite-sys-2.sys,sites/thispage/3sit0e/pathlong/mysite-sys-2.sys
mysite-ocx-3.ocx,8/6/2025 21:30,The Person,Item,sites/thispage/3site/pathlong,https://mysite.sharepoint.com/sites/thispage/3site/pathlong/mysite-ocx-3.ocx,sites/thispage/3site/pathlong/mysite-ocx-3.ocx
mysite-drv-4.drv,8/9/2025 9:58,The Person,Item,sites/thispage/3site/pathl0ong,https://mysite.sharepoint.com/sites/thispage/3site/pathl0ong/mysite-drv-4.drv,sites/thispage/3site/pathl0ong/mysite-drv-4.drv
mysite-txt-5.txt,8/11/2025 22:27,The Person,Item,sites/thispage/twosite/pathl0ong,https://mysite.sharepoint.com/sites/thispage/twosite/pathl0ong/mysite-txt-5.txt,sites/thispage/twosite/pathl0ong/mysite-txt-5.txt
mysite-md-6.md,8/14/2025 10:56,The Person,Item,sites/thispage/37ite/pathl0ong,https://mysite.sharepoint.com/sites/thispage/37ite/pathl0ong/mysite-md-6.md,sites/thispage/37ite/pathl0ong/mysite-md-6.md
mysite-log-7.log,8/16/2025 23:25,The Person,Item,sites/thispage/3sit0e/pathl0ong,https://mysite.sharepoint.com/sites/thispage/3sit0e/pathl0ong/mysite-log-7.log,sites/thispage/3sit0e/pathl0ong/mysite-log-7.log
mysite-ini-1.ini,8/19/2025 11:54,The Person,Item,sites/thispage/3site/pathl0ong,https://mysite.sharepoint.com/sites/thispage/3site/pathl0ong/mysite-ini-1.ini,sites/thispage/3site/pathl0ong/mysite-ini-1.ini
mysite-cfg-2.cfg,8/22/2025 0:22,The Person,Item,sites/thispage/3site/pathl00ong,https://mysite.sharepoint.com/sites/thispage/3site/pathl00ong/mysite-cfg-2.cfg,sites/thispage/3site/pathl00ong/mysite-cfg-2.cfg
mysite-conf-3.conf,8/24/2025 12:51,The Person,Item,sites/thispage/twosite/pathl00ong,https://mysite.sharepoint.com/sites/thispage/twosite/pathl00ong/mysite-conf-3.conf,sites/thispage/twosite/pathl00ong/mysite-conf-3.conf
mysite-json-4.json,8/27/2025 1:20,The Person,Item,sites/thispage/37ite/pathl00ong,https://mysite.sharepoint.com/sites/thispage/37ite/pathl00ong/mysite-json-4.json,sites/thispage/37ite/pathl00ong/mysite-json-4.json
mysite-yaml-5.yaml,8/29/2025 13:49,The Person,Item,sites/thispage/3sit0e/pathl00ong,https://mysite.sharepoint.com/sites/thispage/3sit0e/pathl00ong/mysite-yaml-5.yaml,sites/thispage/3sit0e/pathl00ong/mysite-yaml-5.yaml
mysite-yml-6.yml,9/1/2025 2:18,The Person,Item,sites/thispage/3site/pathl00ong,https://mysite.sharepoint.com/sites/thispage/3site/pathl00ong/mysite-yml-6.yml,sites/thispage/3site/pathl00ong/mysite-yml-6.yml
mysite-toml-7.toml,9/3/2025 14:46,The Person,Item,sites/thispage/3site/pathlong,https://mysite.sharepoint.com/sites/thispage/3site/pathlong/mysite-toml-7.toml,sites/thispage/3site/pathlong/mysite-toml-7.toml
mysite-mp4-1.mp4,9/6/2025 3:15,The Person,Item,sites/thispage/twosite/pathlong,https://mysite.sharepoint.com/sites/thispage/twosite/pathlong/mysite-mp4-1.mp4,sites/thispage/twosite/pathlong/mysite-mp4-1.mp4
mysite-avi-2.avi,9/8/2025 15:44,The Person,Item,sites/thispage/37ite/pathlong,https://mysite.sharepoint.com/sites/thispage/37ite/pathlong/mysite-avi-2.avi,sites/thispage/37ite/pathlong/mysite-avi-2.avi
mysite-mpeg4-3.mpeg4,9/11/2025 4:13,The Person,Item,sites/thispage/3sit0e/pathlong,https://mysite.sharepoint.com/sites/thispage/3sit0e/pathlong/mysite-mpeg4-3.mpeg4,sites/thispage/3sit0e/pathlong/mysite-mpeg4-3.mpeg4
mysite-mov-4.mov,9/13/2025 16:42,The Person,Item,sites/thispage/3site/pathlong,https://mysite.sharepoint.com/sites/thispage/3site/pathlong/mysite-mov-4.mov,sites/thispage/3site/pathlong/mysite-mov-4.mov
mysite-mkv-5.mkv,9/16/2025 5:10,The Person,Item,sites/thispage/3site/pathl0ong,https://mysite.sharepoint.com/sites/thispage/3site/pathl0ong/mysite-mkv-5.mkv,sites/thispage/3site/pathl0ong/mysite-mkv-5.mkv
mysite-webm-6.webm,9/18/2025 17:39,The Person,Item,sites/thispage/twosite/pathl0ong,https://mysite.sharepoint.com/sites/thispage/twosite/pathl0ong/mysite-webm-6.webm,sites/thispage/twosite/pathl0ong/mysite-webm-6.webm
mysite-flv-7.flv,9/21/2025 6:08,The Person,Item,sites/thispage/37ite/pathl0ong,https://mysite.sharepoint.com/sites/thispage/37ite/pathl0ong/mysite-flv-7.flv,sites/thispage/37ite/pathl0ong/mysite-flv-7.flv
mysite-wmv-1.wmv,9/23/2025 18:37,The Person,Item,sites/thispage/3sit0e/pathl0ong,https://mysite.sharepoint.com/sites/thispage/3sit0e/pathl0ong/mysite-wmv-1.wmv,sites/thispage/3sit0e/pathl0ong/mysite-wmv-1.wmv
mysite-m4v-2.m4v,9/26/2025 7:06,The Person,Item,sites/thispage/3site/pathl0ong,https://mysite.sharepoint.com/sites/thispage/3site/pathl0ong/mysite-m4v-2.m4v,sites/thispage/3site/pathl0ong/mysite-m4v-2.m4v
mysite-mpg-3.mpg,9/28/2025 19:34,The Person,Item,sites/thispage/3site/pathl00ong,https://mysite.sharepoint.com/sites/thispage/3site/pathl00ong/mysite-mpg-3.mpg,sites/thispage/3site/pathl00ong/mysite-mpg-3.mpg
mysite-mpeg-4.mpeg,10/1/2025 8:03,The Person,Item,sites/thispage/twosite/pathl00ong,https://mysite.sharepoint.com/sites/thispage/twosite/pathl00ong/mysite-mpeg-4.mpeg,sites/thispage/twosite/pathl00ong/mysite-mpeg-4.mpeg
mysite-3gp-5.3gp,10/3/2025 20:32,The Person,Item,sites/thispage/37ite/pathl00ong,https://mysite.sharepoint.com/sites/thispage/37ite/pathl00ong/mysite-3gp-5.3gp,sites/thispage/37ite/pathl00ong/mysite-3gp-5.3gp
mysite-xlsx-6.xlsx,10/6/2025 9:01,The Person,Item,sites/thispage/3sit0e/pathl00ong,https://mysite.sharepoint.com/sites/thispage/3sit0e/pathl00ong/mysite-xlsx-6.xlsx,sites/thispage/3sit0e/pathl00ong/mysite-xlsx-6.xlsx
mysite-xlsm-7.xlsm,10/8/2025 21:30,The Person,Item,sites/thispage/3site/pathl00ong,https://mysite.sharepoint.com/sites/thispage/3site/pathl00ong/mysite-xlsm-7.xlsm,sites/thispage/3site/pathl00ong/mysite-xlsm-7.xlsm
mysite-xls-1.xls,10/11/2025 9:58,The Person,Item,sites/thispage/3site/pathlong,https://mysite.sharepoint.com/sites/thispage/3site/pathlong/mysite-xls-1.xls,sites/thispage/3site/pathlong/mysite-xls-1.xls
mysite-xltx-2.xltx,10/13/2025 22:27,The Person,Item,sites/thispage/twosite/pathlong,https://mysite.sharepoint.com/sites/thispage/twosite/pathlong/mysite-xltx-2.xltx,sites/thispage/twosite/pathlong/mysite-xltx-2.xltx
mysite-xltm-3.xltm,10/16/2025 10:56,The Person,Item,sites/thispage/37ite/pathlong,https://mysite.sharepoint.com/sites/thispage/37ite/pathlong/mysite-xltm-3.xltm,sites/thispage/37ite/pathlong/mysite-xltm-3.xltm
mysite-xla-4.xla,10/18/2025 23:25,The Person,Item,sites/thispage/3sit0e/pathlong,https://mysite.sharepoint.com/sites/thispage/3sit0e/pathlong/mysite-xla-4.xla,sites/thispage/3sit0e/pathlong/mysite-xla-4.xla
mysite-xlam-5.xlam,10/21/2025 11:54,The Person,Item,sites/thispage/3site/pathlong,https://mysite.sharepoint.com/sites/thispage/3site/pathlong/mysite-xlam-5.xlam,sites/thispage/3site/pathlong/mysite-xlam-5.xlam
mysite-xlsb-6.xlsb,10/24/2025 0:22,The Person,Item,sites/thispage/3site/pathl0ong,https://mysite.sharepoint.com/sites/thispage/3site/pathl0ong/mysite-xlsb-6.xlsb,sites/thispage/3site/pathl0ong/mysite-xlsb-6.xlsb
mysite-ods-7.ods,10/26/2025 12:51,The Person,Item,sites/thispage/twosite/pathl0ong,https://mysite.sharepoint.com/sites/thispage/twosite/pathl0ong/mysite-ods-7.ods,sites/thispage/twosite/pathl0ong/mysite-ods-7.ods
mysite-xml-1.xml,10/29/2025 1:20,The Person,Item,sites/thispage/37ite/pathl0ong,https://mysite.sharepoint.com/sites/thispage/37ite/pathl0ong/mysite-xml-1.xml,sites/thispage/37ite/pathl0ong/mysite-xml-1.xml
mysite-xsl-2.xsl,10/31/2025 13:49,The Person,Item,sites/thispage/3sit0e/pathl0ong,https://mysite.sharepoint.com/sites/thispage/3sit0e/pathl0ong/mysite-xsl-2.xsl,sites/thispage/3sit0e/pathl0ong/mysite-xsl-2.xsl
mysite-xslt-3.xslt,11/3/2025 2:18,The Person,Item,sites/thispage/3site/pathl0ong,https://mysite.sharepoint.com/sites/thispage/3site/pathl0ong/mysite-xslt-3.xslt,sites/thispage/3site/pathl0ong/mysite-xslt-3.xslt
mysite-xsd-4.xsd,11/5/2025 14:46,The Person,Item,sites/thispage/3site/pathl00ong,https://mysite.sharepoint.com/sites/thispage/3site/pathl00ong/mysite-xsd-4.xsd,sites/thispage/3site/pathl00ong/mysite-xsd-4.xsd
mysite-dtd-5.dtd,11/8/2025 3:15,The Person,Item,sites/thispage/twosite/pathl00ong,https://mysite.sharepoint.com/sites/thispage/twosite/pathl00ong/mysite-dtd-5.dtd,sites/thispage/twosite/pathl00ong/mysite-dtd-5.dtd
mysite-zip-6.zip,11/10/2025 15:44,The Person,Item,sites/thispage/37ite/pathl00ong,https://mysite.sharepoint.com/sites/thispage/37ite/pathl00ong/mysite-zip-6.zip,sites/thispage/37ite/pathl00ong/mysite-zip-6.zip
mysite-7z-7.7z,11/13/2025 4:13,The Person,Item,sites/thispage/3sit0e/pathl00ong,https://mysite.sharepoint.com/sites/thispage/3sit0e/pathl00ong/mysite-7z-7.7z,sites/thispage/3sit0e/pathl00ong/mysite-7z-7.7z
mysite-rar-1.rar,11/15/2025 16:42,The Person,Item,sites/thispage/3site/pathl00ong,https://mysite.sharepoint.com/sites/thispage/3site/pathl00ong/mysite-rar-1.rar,sites/thispage/3site/pathl00ong/mysite-rar-1.rar
mysite-tar-2.tar,11/18/2025 5:10,The Person,Item,sites/thispage/3site/pathlong,https://mysite.sharepoint.com/sites/thispage/3site/pathlong/mysite-tar-2.tar,sites/thispage/3site/pathlong/mysite-tar-2.tar
mysite-gz-3.gz,11/20/2025 17:39,The Person,Item,sites/thispage/twosite/pathlong,https://mysite.sharepoint.com/sites/thispage/twosite/pathlong/mysite-gz-3.gz,sites/thispage/twosite/pathlong/mysite-gz-3.gz
mysite-bz2-4.bz2,11/23/2025 6:08,The Person,Item,sites/thispage/37ite/pathlong,https://mysite.sharepoint.com/sites/thispage/37ite/pathlong/mysite-bz2-4.bz2,sites/thispage/37ite/pathlong/mysite-bz2-4.bz2
mysite-xz-5.xz,11/25/2025 18:37,The Person,Item,sites/thispage/3sit0e/pathlong,https://mysite.sharepoint.com/sites/thispage/3sit0e/pathlong/mysite-xz-5.xz,sites/thispage/3sit0e/pathlong/mysite-xz-5.xz
mysite-iso-6.iso,11/28/2025 7:06,The Person,Item,sites/thispage/3site/pathlong,https://mysite.sharepoint.com/sites/thispage/3site/pathlong/mysite-iso-6.iso,sites/thispage/3site/pathlong/mysite-iso-6.iso
mysite-dmg-7.dmg,11/30/2025 19:34,The Person,Item,sites/thispage/3site/pathl0ong,https://mysite.sharepoint.com/sites/thispage/3site/pathl0ong/mysite-dmg-7.dmg,sites/thispage/3site/pathl0ong/mysite-dmg-7.dmg
mysite-mp3-1.mp3,1/19/2025 19:34,The Person,Item,sites/thispagege/3site/pathlong,https://mysite.sharepoint.com/sites/thispagege/3site/pathlong/mysite-mp3-1.mp3,sites/thispagege/3site/pathlong/mysite-mp3-1.mp3
mysite-wav-2.wav,1/22/2025 8:03,The Person,Item,sites/thispagege/twosite/pathlong,https://mysite.sharepoint.com/sites/thispagege/twosite/pathlong/mysite-wav-2.wav,sites/thispagege/twosite/pathlong/mysite-wav-2.wav
mysite-flac-3.flac,1/24/2025 20:32,The Person,Item,sites/thispagege/37ite/pathlong,https://mysite.sharepoint.com/sites/thispagege/37ite/pathlong/mysite-flac-3.flac,sites/thispagege/37ite/pathlong/mysite-flac-3.flac
mysite-ogg-4.ogg,1/27/2025 9:01,The Person,Item,sites/thispagege/3sit0e/pathlong,https://mysite.sharepoint.com/sites/thispagege/3sit0e/pathlong/mysite-ogg-4.ogg,sites/thispagege/3sit0e/pathlong/mysite-ogg-4.ogg
mysite-aac-5.aac,1/29/2025 21:30,The Person,Item,sites/thispagege/3site/pathlong,https://mysite.sharepoint.com/sites/thispagege/3site/pathlong/mysite-aac-5.aac,sites/thispagege/3site/pathlong/mysite-aac-5.aac
mysite-m4a-6.m4a,2/1/2025 9:58,The Person,Item,sites/thispagege/3site/pathl0ong,https://mysite.sharepoint.com/sites/thispagege/3site/pathl0ong/mysite-m4a-6.m4a,sites/thispagege/3site/pathl0ong/mysite-m4a-6.m4a
mysite-wma-7.wma,2/3/2025 22:27,The Person,Item,sites/thispagege/twosite/pathl0ong,https://mysite.sharepoint.com/sites/thispagege/twosite/pathl0ong/mysite-wma-7.wma,sites/thispagege/twosite/pathl0ong/mysite-wma-7.wma
mysite-opus-1.opus,2/6/2025 10:56,The Person,Item,sites/thispagege/37ite/pathl0ong,https://mysite.sharepoint.com/sites/thispagege/37ite/pathl0ong/mysite-opus-1.opus,sites/thispagege/37ite/pathl0ong/mysite-opus-1.opus
mysite-aiff-2.aiff,2/8/2025 23:25,The Person,Item,sites/thispagege/3sit0e/pathl0ong,https://mysite.sharepoint.com/sites/thispagege/3sit0e/pathl0ong/mysite-aiff-2.aiff,sites/thispagege/3sit0e/pathl0ong/mysite-aiff-2.aiff
mysite-alac-3.alac,2/11/2025 11:54,The Person,Item,sites/thispagege/3site/pathl0ong,https://mysite.sharepoint.com/sites/thispagege/3site/pathl0ong/mysite-alac-3.alac,sites/thispagege/3site/pathl0ong/mysite-alac-3.alac
mysite-cpp-4.cpp,2/14/2025 0:22,The Person,Item,sites/thispagege/3site/pathl00ong,https://mysite.sharepoint.com/sites/thispagege/3site/pathl00ong/mysite-cpp-4.cpp,sites/thispagege/3site/pathl00ong/mysite-cpp-4.cpp
mysite-bat-5.bat,2/16/2025 12:51,The Person,Item,sites/thispagege/twosite/pathl00ong,https://mysite.sharepoint.com/sites/thispagege/twosite/pathl00ong/mysite-bat-5.bat,sites/thispagege/twosite/pathl00ong/mysite-bat-5.bat
mysite-py-6.py,2/19/2025 1:20,The Person,Item,sites/thispagege/37ite/pathl00ong,https://mysite.sharepoint.com/sites/thispagege/37ite/pathl00ong/mysite-py-6.py,sites/thispagege/37ite/pathl00ong/mysite-py-6.py
mysite-ps1-7.ps1,2/21/2025 13:49,The Person,Item,sites/thispagege/3sit0e/pathl00ong,https://mysite.sharepoint.com/sites/thispagege/3sit0e/pathl00ong/mysite-ps1-7.ps1,sites/thispagege/3sit0e/pathl00ong/mysite-ps1-7.ps1
mysite-vbs-1.vbs,2/24/2025 2:18,The Person,Item,sites/thispagege/3site/pathl00ong,https://mysite.sharepoint.com/sites/thispagege/3site/pathl00ong/mysite-vbs-1.vbs,sites/thispagege/3site/pathl00ong/mysite-vbs-1.vbs
mysite-h-2.h,2/26/2025 14:46,The Person,Item,sites/thispagege/3site/pathlong,https://mysite.sharepoint.com/sites/thispagege/3site/pathlong/mysite-h-2.h,sites/thispagege/3site/pathlong/mysite-h-2.h
mysite-js-3.js,3/1/2025 3:15,The Person,Item,sites/thispagege/twosite/pathlong,https://mysite.sharepoint.com/sites/thispagege/twosite/pathlong/mysite-js-3.js,sites/thispagege/twosite/pathlong/mysite-js-3.js
mysite-ts-4.ts,3/3/2025 15:44,The Person,Item,sites/thispagege/37ite/pathlong,https://mysite.sharepoint.com/sites/thispagege/37ite/pathlong/mysite-ts-4.ts,sites/thispagege/37ite/pathlong/mysite-ts-4.ts
mysite-java-5.java,3/6/2025 4:13,The Person,Item,sites/thispagege/3sit0e/pathlong,https://mysite.sharepoint.com/sites/thispagege/3sit0e/pathlong/mysite-java-5.java,sites/thispagege/3sit0e/pathlong/mysite-java-5.java
mysite-c-6.c,3/8/2025 16:42,The Person,Item,sites/thispagege/3site/pathlong,https://mysite.sharepoint.com/sites/thispagege/3site/pathlong/mysite-c-6.c,sites/thispagege/3site/pathlong/mysite-c-6.c
mysite-cs-7.cs,3/11/2025 5:10,The Person,Item,sites/thispagege/3site/pathl0ong,https://mysite.sharepoint.com/sites/thispagege/3site/pathl0ong/mysite-cs-7.cs,sites/thispagege/3site/pathl0ong/mysite-cs-7.cs
mysite-go-1.go,3/13/2025 17:39,The Person,Item,sites/thispagege/twosite/pathl0ong,https://mysite.sharepoint.com/sites/thispagege/twosite/pathl0ong/mysite-go-1.go,sites/thispagege/twosite/pathl0ong/mysite-go-1.go
mysite-cmd-2.cmd,3/16/2025 6:08,The Person,Item,sites/thispagege/37ite/pathl0ong,https://mysite.sharepoint.com/sites/thispagege/37ite/pathl0ong/mysite-cmd-2.cmd,sites/thispagege/37ite/pathl0ong/mysite-cmd-2.cmd
mysite-vcf-3.vcf,3/18/2025 18:37,The Person,Item,sites/thispagege/3sit0e/pathl0ong,https://mysite.sharepoint.com/sites/thispagege/3sit0e/pathl0ong/mysite-vcf-3.vcf,sites/thispagege/3sit0e/pathl0ong/mysite-vcf-3.vcf
mysite-contact-4.contact,3/21/2025 7:06,The Person,Item,sites/thispagege/3site/pathl0ong,https://mysite.sharepoint.com/sites/thispagege/3site/pathl0ong/mysite-contact-4.contact,sites/thispagege/3site/pathl0ong/mysite-contact-4.contact
mysite-agent-5.agent,3/23/2025 19:34,The Person,Item,sites/thispagege/3site/pathl00ong,https://mysite.sharepoint.com/sites/thispagege/3site/pathl00ong/mysite-agent-5.agent,sites/thispagege/3site/pathl00ong/mysite-agent-5.agent
mysite-csv-6.csv,3/26/2025 8:03,The Person,Item,sites/thispagege/twosite/pathl00ong,https://mysite.sharepoint.com/sites/thispagege/twosite/pathl00ong/mysite-csv-6.csv,sites/thispagege/twosite/pathl00ong/mysite-csv-6.csv
mysite-tsv-7.tsv,3/28/2025 20:32,The Person,Item,sites/thispagege/37ite/pathl00ong,https://mysite.sharepoint.com/sites/thispagege/37ite/pathl00ong/mysite-tsv-7.tsv,sites/thispagege/37ite/pathl00ong/mysite-tsv-7.tsv
mysite-doc-1.doc,3/31/2025 9:01,The Person,Item,sites/thispagege/3sit0e/pathl00ong,https://mysite.sharepoint.com/sites/thispagege/3sit0e/pathl00ong/mysite-doc-1.doc,sites/thispagege/3sit0e/pathl00ong/mysite-doc-1.doc
mysite-docx-2.docx,4/2/2025 21:30,The Person,Item,sites/thispagege/3site/pathl00ong,https://mysite.sharepoint.com/sites/thispagege/3site/pathl00ong/mysite-docx-2.docx,sites/thispagege/3site/pathl00ong/mysite-docx-2.docx
mysite-docm-3.docm,4/5/2025 9:58,The Person,Item,sites/thispagege/3site/pathlong,https://mysite.sharepoint.com/sites/thispagege/3site/pathlong/mysite-docm-3.docm,sites/thispagege/3site/pathlong/mysite-docm-3.docm
mysite-dotx-4.dotx,4/7/2025 22:27,The Person,Item,sites/thispagege/twosite/pathlong,https://mysite.sharepoint.com/sites/thispagege/twosite/pathlong/mysite-dotx-4.dotx,sites/thispagege/twosite/pathlong/mysite-dotx-4.dotx
mysite-dot-5.dot,4/10/2025 10:56,The Person,Item,sites/thispagege/37ite/pathlong,https://mysite.sharepoint.com/sites/thispagege/37ite/pathlong/mysite-dot-5.dot,sites/thispagege/37ite/pathlong/mysite-dot-5.dot
mysite-odt-6.odt,4/12/2025 23:25,The Person,Item,sites/thispagege/3sit0e/pathlong,https://mysite.sharepoint.com/sites/thispagege/3sit0e/pathlong/mysite-odt-6.odt,sites/thispagege/3sit0e/pathlong/mysite-odt-6.odt
mysite-exe-7.exe,4/15/2025 11:54,The Person,Item,sites/thispagege/3site/pathlong,https://mysite.sharepoint.com/sites/thispagege/3site/pathlong/mysite-exe-7.exe,sites/thispagege/3site/pathlong/mysite-exe-7.exe
mysite-msi-1.msi,4/18/2025 0:22,The Person,Item,sites/thispagege/3site/pathl0ong,https://mysite.sharepoint.com/sites/thispagege/3site/pathl0ong/mysite-msi-1.msi,sites/thispagege/3site/pathl0ong/mysite-msi-1.msi
mysite-com-2.com,4/20/2025 12:51,The Person,Item,sites/thispagege/twosite/pathl0ong,https://mysite.sharepoint.com/sites/thispagege/twosite/pathl0ong/mysite-com-2.com,sites/thispagege/twosite/pathl0ong/mysite-com-2.com
mysite-scr-3.scr,4/23/2025 1:20,The Person,Item,sites/thispagege/37ite/pathl0ong,https://mysite.sharepoint.com/sites/thispagege/37ite/pathl0ong/mysite-scr-3.scr,sites/thispagege/37ite/pathl0ong/mysite-scr-3.scr
mysite-htm-4.htm,4/25/2025 13:49,The Person,Item,sites/thispagege/3sit0e/pathl0ong,https://mysite.sharepoint.com/sites/thispagege/3sit0e/pathl0ong/mysite-htm-4.htm,sites/thispagege/3sit0e/pathl0ong/mysite-htm-4.htm
mysite-mht-5.mht,4/28/2025 2:18,The Person,Item,sites/thispagege/3site/pathl0ong,https://mysite.sharepoint.com/sites/thispagege/3site/pathl0ong/mysite-mht-5.mht,sites/thispagege/3site/pathl0ong/mysite-mht-5.mht
mysite-html-6.html,4/30/2025 14:46,The Person,Item,sites/thispagege/3site/pathl00ong,https://mysite.sharepoint.com/sites/thispagege/3site/pathl00ong/mysite-html-6.html,sites/thispagege/3site/pathl00ong/mysite-html-6.html
mysite-mhtml-7.mhtml,5/3/2025 3:15,The Person,Item,sites/thispagege/twosite/pathl00ong,https://mysite.sharepoint.com/sites/thispagege/twosite/pathl00ong/mysite-mhtml-7.mhtml,sites/thispagege/twosite/pathl00ong/mysite-mhtml-7.mhtml
mysite-xhtml-1.xhtml,5/5/2025 15:44,The Person,Item,sites/thispagege/37ite/pathl00ong,https://mysite.sharepoint.com/sites/thispagege/37ite/pathl00ong/mysite-xhtml-1.xhtml,sites/thispagege/37ite/pathl00ong/mysite-xhtml-1.xhtml
mysite-shtml-2.shtml,5/8/2025 4:13,The Person,Item,sites/thispagege/3sit0e/pathl00ong,https://mysite.sharepoint.com/sites/thispagege/3sit0e/pathl00ong/mysite-shtml-2.shtml,sites/thispagege/3sit0e/pathl00ong/mysite-shtml-2.shtml
mysite-mp3-1.mp3,1/19/2025 19:34,The Person,Item,sites/mysite/3site/pathlong,https://mysite.sharepoint.com/sites/mysite/3site/pathlong/mysite-mp3-1.mp3,sites/mysite/3site/pathlong/mysite-mp3-1.mp3
mysite-wav-2.wav,1/22/2025 8:03,The Person,Item,sites/mysite/twosite/pathlong,https://mysite.sharepoint.com/sites/mysite/twosite/pathlong/mysite-wav-2.wav,sites/mysite/twosite/pathlong/mysite-wav-2.wav
mysite-flac-3.flac,1/24/2025 20:32,The Person,Item,sites/mysite/37ite/pathlong,https://mysite.sharepoint.com/sites/mysite/37ite/pathlong/mysite-flac-3.flac,sites/mysite/37ite/pathlong/mysite-flac-3.flac
mysite-ogg-4.ogg,1/27/2025 9:01,The Person,Item,sites/mysite/3sit0e/pathlong,https://mysite.sharepoint.com/sites/mysite/3sit0e/pathlong/mysite-ogg-4.ogg,sites/mysite/3sit0e/pathlong/mysite-ogg-4.ogg
mysite-aac-5.aac,1/29/2025 21:30,The Person,Item,sites/mysite/3site/pathlong,https://mysite.sharepoint.com/sites/mysite/3site/pathlong/mysite-aac-5.aac,sites/mysite/3site/pathlong/mysite-aac-5.aac
mysite-m4a-6.m4a,2/1/2025 9:58,The Person,Item,sites/mysite/3site/pathl0ong,https://mysite.sharepoint.com/sites/mysite/3site/pathl0ong/mysite-m4a-6.m4a,sites/mysite/3site/pathl0ong/mysite-m4a-6.m4a
mysite-wma-7.wma,2/3/2025 22:27,The Person,Item,sites/mysite/twosite/pathl0ong,https://mysite.sharepoint.com/sites/mysite/twosite/pathl0ong/mysite-wma-7.wma,sites/mysite/twosite/pathl0ong/mysite-wma-7.wma
mysite-opus-1.opus,2/6/2025 10:56,The Person,Item,sites/mysite/37ite/pathl0ong,https://mysite.sharepoint.com/sites/mysite/37ite/pathl0ong/mysite-opus-1.opus,sites/mysite/37ite/pathl0ong/mysite-opus-1.opus
mysite-aiff-2.aiff,2/8/2025 23:25,The Person,Item,sites/mysite/3sit0e/pathl0ong,https://mysite.sharepoint.com/sites/mysite/3sit0e/pathl0ong/mysite-aiff-2.aiff,sites/mysite/3sit0e/pathl0ong/mysite-aiff-2.aiff
mysite-alac-3.alac,2/11/2025 11:54,The Person,Item,sites/mysite/3site/pathl0ong,https://mysite.sharepoint.com/sites/mysite/3site/pathl0ong/mysite-alac-3.alac,sites/mysite/3site/pathl0ong/mysite-alac-3.alac
mysite-cpp-4.cpp,2/14/2025 0:22,The Person,Item,sites/mysite/3site/pathl00ong,https://mysite.sharepoint.com/sites/mysite/3site/pathl00ong/mysite-cpp-4.cpp,sites/mysite/3site/pathl00ong/mysite-cpp-4.cpp
mysite-bat-5.bat,2/16/2025 12:51,The Person,Item,sites/mysite/twosite/pathl00ong,https://mysite.sharepoint.com/sites/mysite/twosite/pathl00ong/mysite-bat-5.bat,sites/mysite/twosite/pathl00ong/mysite-bat-5.bat
mysite-py-6.py,2/19/2025 1:20,The Person,Item,sites/mysite/37ite/pathl00ong,https://mysite.sharepoint.com/sites/mysite/37ite/pathl00ong/mysite-py-6.py,sites/mysite/37ite/pathl00ong/mysite-py-6.py
mysite-ps1-7.ps1,2/21/2025 13:49,The Person,Item,sites/mysite/3sit0e/pathl00ong,https://mysite.sharepoint.com/sites/mysite/3sit0e/pathl00ong/mysite-ps1-7.ps1,sites/mysite/3sit0e/pathl00ong/mysite-ps1-7.ps1
mysite-vbs-1.vbs,2/24/2025 2:18,The Person,Item,sites/mysite/3site/pathl00ong,https://mysite.sharepoint.com/sites/mysite/3site/pathl00ong/mysite-vbs-1.vbs,sites/mysite/3site/pathl00ong/mysite-vbs-1.vbs
mysite-h-2.h,2/26/2025 14:46,The Person,Item,sites/mysite/3site/pathlong,https://mysite.sharepoint.com/sites/mysite/3site/pathlong/mysite-h-2.h,sites/mysite/3site/pathlong/mysite-h-2.h
mysite-js-3.js,3/1/2025 3:15,The Person,Item,sites/mysite/twosite/pathlong,https://mysite.sharepoint.com/sites/mysite/twosite/pathlong/mysite-js-3.js,sites/mysite/twosite/pathlong/mysite-js-3.js
mysite-ts-4.ts,3/3/2025 15:44,The Person,Item,sites/mysite/37ite/pathlong,https://mysite.sharepoint.com/sites/mysite/37ite/pathlong/mysite-ts-4.ts,sites/mysite/37ite/pathlong/mysite-ts-4.ts
mysite-java-5.java,3/6/2025 4:13,The Person,Item,sites/mysite/3sit0e/pathlong,https://mysite.sharepoint.com/sites/mysite/3sit0e/pathlong/mysite-java-5.java,sites/mysite/3sit0e/pathlong/mysite-java-5.java
mysite-c-6.c,3/8/2025 16:42,The Person,Item,sites/mysite/3site/pathlong,https://mysite.sharepoint.com/sites/mysite/3site/pathlong/mysite-c-6.c,sites/mysite/3site/pathlong/mysite-c-6.c
mysite-cs-7.cs,3/11/2025 5:10,The Person,Item,sites/mysite/3site/pathl0ong,https://mysite.sharepoint.com/sites/mysite/3site/pathl0ong/mysite-cs-7.cs,sites/mysite/3site/pathl0ong/mysite-cs-7.cs
mysite-go-1.go,3/13/2025 17:39,The Person,Item,sites/mysite/twosite/pathl0ong,https://mysite.sharepoint.com/sites/mysite/twosite/pathl0ong/mysite-go-1.go,sites/mysite/twosite/pathl0ong/mysite-go-1.go
mysite-cmd-2.cmd,3/16/2025 6:08,The Person,Item,sites/mysite/37ite/pathl0ong,https://mysite.sharepoint.com/sites/mysite/37ite/pathl0ong/mysite-cmd-2.cmd,sites/mysite/37ite/pathl0ong/mysite-cmd-2.cmd
mysite-vcf-3.vcf,3/18/2025 18:37,The Person,Item,sites/mysite/3sit0e/pathl0ong,https://mysite.sharepoint.com/sites/mysite/3sit0e/pathl0ong/mysite-vcf-3.vcf,sites/mysite/3sit0e/pathl0ong/mysite-vcf-3.vcf
mysite-contact-4.contact,3/21/2025 7:06,The Person,Item,sites/mysite/3site/pathl0ong,https://mysite.sharepoint.com/sites/mysite/3site/pathl0ong/mysite-contact-4.contact,sites/mysite/3site/pathl0ong/mysite-contact-4.contact
mysite-agent-5.agent,3/23/2025 19:34,The Person,Item,sites/mysite/3site/pathl00ong,https://mysite.sharepoint.com/sites/mysite/3site/pathl00ong/mysite-agent-5.agent,sites/mysite/3site/pathl00ong/mysite-agent-5.agent
mysite-csv-6.csv,3/26/2025 8:03,The Person,Item,sites/mysite/twosite/pathl00ong,https://mysite.sharepoint.com/sites/mysite/twosite/pathl00ong/mysite-csv-6.csv,sites/mysite/twosite/pathl00ong/mysite-csv-6.csv
mysite-tsv-7.tsv,3/28/2025 20:32,The Person,Item,sites/mysite/37ite/pathl00ong,https://mysite.sharepoint.com/sites/mysite/37ite/pathl00ong/mysite-tsv-7.tsv,sites/mysite/37ite/pathl00ong/mysite-tsv-7.tsv
mysite-doc-1.doc,3/31/2025 9:01,The Person,Item,sites/mysite/3sit0e/pathl00ong,https://mysite.sharepoint.com/sites/mysite/3sit0e/pathl00ong/mysite-doc-1.doc,sites/mysite/3sit0e/pathl00ong/mysite-doc-1.doc
mysite-docx-2.docx,4/2/2025 21:30,The Person,Item,sites/mysite/3site/pathl00ong,https://mysite.sharepoint.com/sites/mysite/3site/pathl00ong/mysite-docx-2.docx,sites/mysite/3site/pathl00ong/mysite-docx-2.docx
mysite-docm-3.docm,4/5/2025 9:58,The Person,Item,sites/mysite/3site/pathlong,https://mysite.sharepoint.com/sites/mysite/3site/pathlong/mysite-docm-3.docm,sites/mysite/3site/pathlong/mysite-docm-3.docm
mysite-dotx-4.dotx,4/7/2025 22:27,The Person,Item,sites/mysite/twosite/pathlong,https://mysite.sharepoint.com/sites/mysite/twosite/pathlong/mysite-dotx-4.dotx,sites/mysite/twosite/pathlong/mysite-dotx-4.dotx
mysite-dot-5.dot,4/10/2025 10:56,The Person,Item,sites/mysite/37ite/pathlong,https://mysite.sharepoint.com/sites/mysite/37ite/pathlong/mysite-dot-5.dot,sites/mysite/37ite/pathlong/mysite-dot-5.dot
mysite-odt-6.odt,4/12/2025 23:25,The Person,Item,sites/mysite/3sit0e/pathlong,https://mysite.sharepoint.com/sites/mysite/3sit0e/pathlong/mysite-odt-6.odt,sites/mysite/3sit0e/pathlong/mysite-odt-6.odt
mysite-exe-7.exe,4/15/2025 11:54,The Person,Item,sites/mysite/3site/pathlong,https://mysite.sharepoint.com/sites/mysite/3site/pathlong/mysite-exe-7.exe,sites/mysite/3site/pathlong/mysite-exe-7.exe
mysite-msi-1.msi,4/18/2025 0:22,The Person,Item,sites/mysite/3site/pathl0ong,https://mysite.sharepoint.com/sites/mysite/3site/pathl0ong/mysite-msi-1.msi,sites/mysite/3site/pathl0ong/mysite-msi-1.msi
mysite-com-2.com,4/20/2025 12:51,The Person,Item,sites/mysite/twosite/pathl0ong,https://mysite.sharepoint.com/sites/mysite/twosite/pathl0ong/mysite-com-2.com,sites/mysite/twosite/pathl0ong/mysite-com-2.com
mysite-scr-3.scr,4/23/2025 1:20,The Person,Item,sites/mysite/37ite/pathl0ong,https://mysite.sharepoint.com/sites/mysite/37ite/pathl0ong/mysite-scr-3.scr,sites/mysite/37ite/pathl0ong/mysite-scr-3.scr
mysite-htm-4.htm,4/25/2025 13:49,The Person,Item,sites/mysite/3sit0e/pathl0ong,https://mysite.sharepoint.com/sites/mysite/3sit0e/pathl0ong/mysite-htm-4.htm,sites/mysite/3sit0e/pathl0ong/mysite-htm-4.htm
mysite-mht-5.mht,4/28/2025 2:18,The Person,Item,sites/mysite/3site/pathl0ong,https://mysite.sharepoint.com/sites/mysite/3site/pathl0ong/mysite-mht-5.mht,sites/mysite/3site/pathl0ong/mysite-mht-5.mht
mysite-html-6.html,4/30/2025 14:46,The Person,Item,sites/mysite/3site/pathl00ong,https://mysite.sharepoint.com/sites/mysite/3site/pathl00ong/mysite-html-6.html,sites/mysite/3site/pathl00ong/mysite-html-6.html
mysite-mhtml-7.mhtml,5/3/2025 3:15,The Person,Item,sites/mysite/twosite/pathl00ong,https://mysite.sharepoint.com/sites/mysite/twosite/pathl00ong/mysite-mhtml-7.mhtml,sites/mysite/twosite/pathl00ong/mysite-mhtml-7.mhtml
mysite-xhtml-1.xhtml,5/5/2025 15:44,The Person,Item,sites/mysite/37ite/pathl00ong,https://mysite.sharepoint.com/sites/mysite/37ite/pathl00ong/mysite-xhtml-1.xhtml,sites/mysite/37ite/pathl00ong/mysite-xhtml-1.xhtml
mysite-shtml-2.shtml,5/8/2025 4:13,The Person,Item,sites/mysite/3sit0e/pathl00ong,https://mysite.sharepoint.com/sites/mysite/3sit0e/pathl00ong/mysite-shtml-2.shtml,sites/mysite/3sit0e/pathl00ong/mysite-shtml-2.shtml
mysite-lnk-3.lnk,5/10/2025 16:42,The Person,Item,sites/mysite/3site/pathl00ong,https://mysite.sharepoint.com/sites/mysite/3site/pathl00ong/mysite-lnk-3.lnk,sites/mysite/3site/pathl00ong/mysite-lnk-3.lnk
mysite-url-4.url,5/13/2025 5:10,The Person,Item,sites/mysite/3site/pathlong,https://mysite.sharepoint.com/sites/mysite/3site/pathlong/mysite-url-4.url,sites/mysite/3site/pathlong/mysite-url-4.url
mysite-webloc-5.webloc,5/15/2025 17:39,The Person,Item,sites/mysite/twosite/pathlong,https://mysite.sharepoint.com/sites/mysite/twosite/pathlong/mysite-webloc-5.webloc,sites/mysite/twosite/pathlong/mysite-webloc-5.webloc
mysite-loop-6.loop,5/18/2025 6:08,The Person,Item,sites/mysite/37ite/pathlong,https://mysite.sharepoint.com/sites/mysite/37ite/pathlong/mysite-loop-6.loop,sites/mysite/37ite/pathlong/mysite-loop-6.loop
mysite-odst-7.odst,5/20/2025 18:37,The Person,Item,sites/mysite/3sit0e/pathlong,https://mysite.sharepoint.com/sites/mysite/3sit0e/pathlong/mysite-odst-7.odst,sites/mysite/3sit0e/pathlong/mysite-odst-7.odst
mysite-onenote-1.onenote,5/23/2025 7:06,The Person,Item,sites/mysite/3site/pathlong,https://mysite.sharepoint.com/sites/mysite/3site/pathlong/mysite-onenote-1.onenote,sites/mysite/3site/pathlong/mysite-onenote-1.onenote
mysite-one-2.one,5/25/2025 19:34,The Person,Item,sites/mysite/3site/pathl0ong,https://mysite.sharepoint.com/sites/mysite/3site/pathl0ong/mysite-one-2.one,sites/mysite/3site/pathl0ong/mysite-one-2.one
mysite-onepkg-3.onepkg,5/28/2025 8:03,The Person,Item,sites/mysite/twosite/pathl0ong,https://mysite.sharepoint.com/sites/mysite/twosite/pathl0ong/mysite-onepkg-3.onepkg,sites/mysite/twosite/pathl0ong/mysite-onepkg-3.onepkg
mysite-pdf-4.pdf,5/30/2025 20:32,The Person,Item,sites/mysite/37ite/pathl0ong,https://mysite.sharepoint.com/sites/mysite/37ite/pathl0ong/mysite-pdf-4.pdf,sites/mysite/37ite/pathl0ong/mysite-pdf-4.pdf
mysite-jpg-5.jpg,6/2/2025 9:01,The Person,Item,sites/mysite/3sit0e/pathl0ong,https://mysite.sharepoint.com/sites/mysite/3sit0e/pathl0ong/mysite-jpg-5.jpg,sites/mysite/3sit0e/pathl0ong/mysite-jpg-5.jpg
mysite-jpeg-6.jpeg,6/4/2025 21:30,The Person,Item,sites/mysite/3site/pathl0ong,https://mysite.sharepoint.com/sites/mysite/3site/pathl0ong/mysite-jpeg-6.jpeg,sites/mysite/3site/pathl0ong/mysite-jpeg-6.jpeg
mysite-svg-7.svg,6/7/2025 9:58,The Person,Item,sites/mysite/3site/pathl00ong,https://mysite.sharepoint.com/sites/mysite/3site/pathl00ong/mysite-svg-7.svg,sites/mysite/3site/pathl00ong/mysite-svg-7.svg
mysite-bmp-1.bmp,6/9/2025 22:27,The Person,Item,sites/mysite/twosite/pathl00ong,https://mysite.sharepoint.com/sites/mysite/twosite/pathl00ong/mysite-bmp-1.bmp,sites/mysite/twosite/pathl00ong/mysite-bmp-1.bmp
mysite-gif-2.gif,6/12/2025 10:56,The Person,Item,sites/mysite/37ite/pathl00ong,https://mysite.sharepoint.com/sites/mysite/37ite/pathl00ong/mysite-gif-2.gif,sites/mysite/37ite/pathl00ong/mysite-gif-2.gif
mysite-png-3.png,6/14/2025 23:25,The Person,Item,sites/mysite/3sit0e/pathl00ong,https://mysite.sharepoint.com/sites/mysite/3sit0e/pathl00ong/mysite-png-3.png,sites/mysite/3sit0e/pathl00ong/mysite-png-3.png
mysite-dng-4.dng,6/17/2025 11:54,The Person,Item,sites/mysite/3site/pathl00ong,https://mysite.sharepoint.com/sites/mysite/3site/pathl00ong/mysite-dng-4.dng,sites/mysite/3site/pathl00ong/mysite-dng-4.dng
mysite-tiff-5.tiff,6/20/2025 0:22,The Person,Item,sites/mysite/3site/pathlong,https://mysite.sharepoint.com/sites/mysite/3site/pathlong/mysite-tiff-5.tiff,sites/mysite/3site/pathlong/mysite-tiff-5.tiff
mysite-heic-6.heic,6/22/2025 12:51,The Person,Item,sites/mysite/twosite/pathlong,https://mysite.sharepoint.com/sites/mysite/twosite/pathlong/mysite-heic-6.heic,sites/mysite/twosite/pathlong/mysite-heic-6.heic
mysite-webp-7.webp,6/25/2025 1:20,The Person,Item,sites/mysite/37ite/pathlong,https://mysite.sharepoint.com/sites/mysite/37ite/pathlong/mysite-webp-7.webp,sites/mysite/37ite/pathlong/mysite-webp-7.webp
mysite-ico-1.ico,6/27/2025 13:49,The Person,Item,sites/mysite/3sit0e/pathlong,https://mysite.sharepoint.com/sites/mysite/3sit0e/pathlong/mysite-ico-1.ico,sites/mysite/3sit0e/pathlong/mysite-ico-1.ico
mysite-psd-2.psd,6/30/2025 2:18,The Person,Item,sites/mysite/3site/pathlong,https://mysite.sharepoint.com/sites/mysite/3site/pathlong/mysite-psd-2.psd,sites/mysite/3site/pathlong/mysite-psd-2.psd
mysite-pbix-3.pbix,7/2/2025 14:46,The Person,Item,sites/mysite/3site/pathl0ong,https://mysite.sharepoint.com/sites/mysite/3site/pathl0ong/mysite-pbix-3.pbix,sites/mysite/3site/pathl0ong/mysite-pbix-3.pbix
mysite-pbit-4.pbit,7/5/2025 3:15,The Person,Item,sites/mysite/twosite/pathl0ong,https://mysite.sharepoint.com/sites/mysite/twosite/pathl0ong/mysite-pbit-4.pbit,sites/mysite/twosite/pathl0ong/mysite-pbit-4.pbit
mysite-pptx-5.pptx,7/7/2025 15:44,The Person,Item,sites/mysite/37ite/pathl0ong,https://mysite.sharepoint.com/sites/mysite/37ite/pathl0ong/mysite-pptx-5.pptx,sites/mysite/37ite/pathl0ong/mysite-pptx-5.pptx
mysite-pptm-6.pptm,7/10/2025 4:13,The Person,Item,sites/mysite/3sit0e/pathl0ong,https://mysite.sharepoint.com/sites/mysite/3sit0e/pathl0ong/mysite-pptm-6.pptm,sites/mysite/3sit0e/pathl0ong/mysite-pptm-6.pptm
mysite-potx-7.potx,7/12/2025 16:42,The Person,Item,sites/mysite/3site/pathl0ong,https://mysite.sharepoint.com/sites/mysite/3site/pathl0ong/mysite-potx-7.potx,sites/mysite/3site/pathl0ong/mysite-potx-7.potx
mysite-pot-1.pot,7/15/2025 5:10,The Person,Item,sites/mysite/3site/pathl00ong,https://mysite.sharepoint.com/sites/mysite/3site/pathl00ong/mysite-pot-1.pot,sites/mysite/3site/pathl00ong/mysite-pot-1.pot
mysite-ppt-2.ppt,7/17/2025 17:39,The Person,Item,sites/mysite/twosite/pathl00ong,https://mysite.sharepoint.com/sites/mysite/twosite/pathl00ong/mysite-ppt-2.ppt,sites/mysite/twosite/pathl00ong/mysite-ppt-2.ppt
mysite-pps-3.pps,7/20/2025 6:08,The Person,Item,sites/mysite/37ite/pathl00ong,https://mysite.sharepoint.com/sites/mysite/37ite/pathl00ong/mysite-pps-3.pps,sites/mysite/37ite/pathl00ong/mysite-pps-3.pps
mysite-ppsx-4.ppsx,7/22/2025 18:37,The Person,Item,sites/mysite/3sit0e/pathl00ong,https://mysite.sharepoint.com/sites/mysite/3sit0e/pathl00ong/mysite-ppsx-4.ppsx,sites/mysite/3sit0e/pathl00ong/mysite-ppsx-4.ppsx
mysite-odp-5.odp,7/25/2025 7:06,The Person,Item,sites/mysite/3site/pathl00ong,https://mysite.sharepoint.com/sites/mysite/3site/pathl00ong/mysite-odp-5.odp,sites/mysite/3site/pathl00ong/mysite-odp-5.odp
mysite-rtf-6.rtf,7/27/2025 19:34,The Person,Item,sites/mysite/3site/pathlong,https://mysite.sharepoint.com/sites/mysite/3site/pathlong/mysite-rtf-6.rtf,sites/mysite/3site/pathlong/mysite-rtf-6.rtf
mysite-aspx-7.aspx,7/30/2025 8:03,The Person,Item,sites/mysite/twosite/pathlong,https://mysite.sharepoint.com/sites/mysite/twosite/pathlong/mysite-aspx-7.aspx,sites/mysite/twosite/pathlong/mysite-aspx-7.aspx
mysite-dll-1.dll,8/1/2025 20:32,The Person,Item,sites/mysite/37ite/pathlong,https://mysite.sharepoint.com/sites/mysite/37ite/pathlong/mysite-dll-1.dll,sites/mysite/37ite/pathlong/mysite-dll-1.dll
mysite-sys-2.sys,8/4/2025 9:01,The Person,Item,sites/mysite/3sit0e/pathlong,https://mysite.sharepoint.com/sites/mysite/3sit0e/pathlong/mysite-sys-2.sys,sites/mysite/3sit0e/pathlong/mysite-sys-2.sys
mysite-ocx-3.ocx,8/6/2025 21:30,The Person,Item,sites/mysite/3site/pathlong,https://mysite.sharepoint.com/sites/mysite/3site/pathlong/mysite-ocx-3.ocx,sites/mysite/3site/pathlong/mysite-ocx-3.ocx
mysite-drv-4.drv,8/9/2025 9:58,The Person,Item,sites/mysite/3site/pathl0ong,https://mysite.sharepoint.com/sites/mysite/3site/pathl0ong/mysite-drv-4.drv,sites/mysite/3site/pathl0ong/mysite-drv-4.drv
mysite-txt-5.txt,8/11/2025 22:27,The Person,Item,sites/mysite/twosite/pathl0ong,https://mysite.sharepoint.com/sites/mysite/twosite/pathl0ong/mysite-txt-5.txt,sites/mysite/twosite/pathl0ong/mysite-txt-5.txt
mysite-md-6.md,8/14/2025 10:56,The Person,Item,sites/mysite/37ite/pathl0ong,https://mysite.sharepoint.com/sites/mysite/37ite/pathl0ong/mysite-md-6.md,sites/mysite/37ite/pathl0ong/mysite-md-6.md
mysite-log-7.log,8/16/2025 23:25,The Person,Item,sites/mysite/3sit0e/pathl0ong,https://mysite.sharepoint.com/sites/mysite/3sit0e/pathl0ong/mysite-log-7.log,sites/mysite/3sit0e/pathl0ong/mysite-log-7.log
mysite-ini-1.ini,8/19/2025 11:54,The Person,Item,sites/mysite/3site/pathl0ong,https://mysite.sharepoint.com/sites/mysite/3site/pathl0ong/mysite-ini-1.ini,sites/mysite/3site/pathl0ong/mysite-ini-1.ini
mysite-cfg-2.cfg,8/22/2025 0:22,The Person,Item,sites/mysite/3site/pathl00ong,https://mysite.sharepoint.com/sites/mysite/3site/pathl00ong/mysite-cfg-2.cfg,sites/mysite/3site/pathl00ong/mysite-cfg-2.cfg
mysite-conf-3.conf,8/24/2025 12:51,The Person,Item,sites/mysite/twosite/pathl00ong,https://mysite.sharepoint.com/sites/mysite/twosite/pathl00ong/mysite-conf-3.conf,sites/mysite/twosite/pathl00ong/mysite-conf-3.conf
mysite-json-4.json,8/27/2025 1:20,The Person,Item,sites/mysite/37ite/pathl00ong,https://mysite.sharepoint.com/sites/mysite/37ite/pathl00ong/mysite-json-4.json,sites/mysite/37ite/pathl00ong/mysite-json-4.json
mysite-yaml-5.yaml,8/29/2025 13:49,The Person,Item,sites/mysite/3sit0e/pathl00ong,https://mysite.sharepoint.com/sites/mysite/3sit0e/pathl00ong/mysite-yaml-5.yaml,sites/mysite/3sit0e/pathl00ong/mysite-yaml-5.yaml
mysite-yml-6.yml,9/1/2025 2:18,The Person,Item,sites/mysite/3site/pathl00ong,https://mysite.sharepoint.com/sites/mysite/3site/pathl00ong/mysite-yml-6.yml,sites/mysite/3site/pathl00ong/mysite-yml-6.yml
mysite-toml-7.toml,9/3/2025 14:46,The Person,Item,sites/mysite/3site/pathlong,https://mysite.sharepoint.com/sites/mysite/3site/pathlong/mysite-toml-7.toml,sites/mysite/3site/pathlong/mysite-toml-7.toml
mysite-mp4-1.mp4,9/6/2025 3:15,The Person,Item,sites/mysite/twosite/pathlong,https://mysite.sharepoint.com/sites/mysite/twosite/pathlong/mysite-mp4-1.mp4,sites/mysite/twosite/pathlong/mysite-mp4-1.mp4
mysite-avi-2.avi,9/8/2025 15:44,The Person,Item,sites/mysite/37ite/pathlong,https://mysite.sharepoint.com/sites/mysite/37ite/pathlong/mysite-avi-2.avi,sites/mysite/37ite/pathlong/mysite-avi-2.avi
mysite-mpeg4-3.mpeg4,9/11/2025 4:13,The Person,Item,sites/mysite/3sit0e/pathlong,https://mysite.sharepoint.com/sites/mysite/3sit0e/pathlong/mysite-mpeg4-3.mpeg4,sites/mysite/3sit0e/pathlong/mysite-mpeg4-3.mpeg4
mysite-mov-4.mov,9/13/2025 16:42,The Person,Item,sites/mysite/3site/pathlong,https://mysite.sharepoint.com/sites/mysite/3site/pathlong/mysite-mov-4.mov,sites/mysite/3site/pathlong/mysite-mov-4.mov
mysite-mkv-5.mkv,9/16/2025 5:10,The Person,Item,sites/mysite/3site/pathl0ong,https://mysite.sharepoint.com/sites/mysite/3site/pathl0ong/mysite-mkv-5.mkv,sites/mysite/3site/pathl0ong/mysite-mkv-5.mkv
mysite-webm-6.webm,9/18/2025 17:39,The Person,Item,sites/mysite/twosite/pathl0ong,https://mysite.sharepoint.com/sites/mysite/twosite/pathl0ong/mysite-webm-6.webm,sites/mysite/twosite/pathl0ong/mysite-webm-6.webm
mysite-flv-7.flv,9/21/2025 6:08,The Person,Item,sites/mysite/37ite/pathl0ong,https://mysite.sharepoint.com/sites/mysite/37ite/pathl0ong/mysite-flv-7.flv,sites/mysite/37ite/pathl0ong/mysite-flv-7.flv
mysite-wmv-1.wmv,9/23/2025 18:37,The Person,Item,sites/mysite/3sit0e/pathl0ong,https://mysite.sharepoint.com/sites/mysite/3sit0e/pathl0ong/mysite-wmv-1.wmv,sites/mysite/3sit0e/pathl0ong/mysite-wmv-1.wmv
mysite-m4v-2.m4v,9/26/2025 7:06,The Person,Item,sites/mysite/3site/pathl0ong,https://mysite.sharepoint.com/sites/mysite/3site/pathl0ong/mysite-m4v-2.m4v,sites/mysite/3site/pathl0ong/mysite-m4v-2.m4v
mysite-mpg-3.mpg,9/28/2025 19:34,The Person,Item,sites/mysite/3site/pathl00ong,https://mysite.sharepoint.com/sites/mysite/3site/pathl00ong/mysite-mpg-3.mpg,sites/mysite/3site/pathl00ong/mysite-mpg-3.mpg
mysite-mpeg-4.mpeg,10/1/2025 8:03,The Person,Item,sites/mysite/twosite/pathl00ong,https://mysite.sharepoint.com/sites/mysite/twosite/pathl00ong/mysite-mpeg-4.mpeg,sites/mysite/twosite/pathl00ong/mysite-mpeg-4.mpeg
mysite-3gp-5.3gp,10/3/2025 20:32,The Person,Item,sites/mysite/37ite/pathl00ong,https://mysite.sharepoint.com/sites/mysite/37ite/pathl00ong/mysite-3gp-5.3gp,sites/mysite/37ite/pathl00ong/mysite-3gp-5.3gp
mysite-xlsx-6.xlsx,10/6/2025 9:01,The Person,Item,sites/mysite/3sit0e/pathl00ong,https://mysite.sharepoint.com/sites/mysite/3sit0e/pathl00ong/mysite-xlsx-6.xlsx,sites/mysite/3sit0e/pathl00ong/mysite-xlsx-6.xlsx
mysite-xlsm-7.xlsm,10/8/2025 21:30,The Person,Item,sites/mysite/3site/pathl00ong,https://mysite.sharepoint.com/sites/mysite/3site/pathl00ong/mysite-xlsm-7.xlsm,sites/mysite/3site/pathl00ong/mysite-xlsm-7.xlsm
mysite-xls-1.xls,10/11/2025 9:58,The Person,Item,sites/mysite/3site/pathlong,https://mysite.sharepoint.com/sites/mysite/3site/pathlong/mysite-xls-1.xls,sites/mysite/3site/pathlong/mysite-xls-1.xls
mysite-xltx-2.xltx,10/13/2025 22:27,The Person,Item,sites/mysite/twosite/pathlong,https://mysite.sharepoint.com/sites/mysite/twosite/pathlong/mysite-xltx-2.xltx,sites/mysite/twosite/pathlong/mysite-xltx-2.xltx
mysite-xltm-3.xltm,10/16/2025 10:56,The Person,Item,sites/mysite/37ite/pathlong,https://mysite.sharepoint.com/sites/mysite/37ite/pathlong/mysite-xltm-3.xltm,sites/mysite/37ite/pathlong/mysite-xltm-3.xltm
mysite-xla-4.xla,10/18/2025 23:25,The Person,Item,sites/mysite/3sit0e/pathlong,https://mysite.sharepoint.com/sites/mysite/3sit0e/pathlong/mysite-xla-4.xla,sites/mysite/3sit0e/pathlong/mysite-xla-4.xla
mysite-xlam-5.xlam,10/21/2025 11:54,The Person,Item,sites/mysite/3site/pathlong,https://mysite.sharepoint.com/sites/mysite/3site/pathlong/mysite-xlam-5.xlam,sites/mysite/3site/pathlong/mysite-xlam-5.xlam
mysite-xlsb-6.xlsb,10/24/2025 0:22,The Person,Item,sites/mysite/3site/pathl0ong,https://mysite.sharepoint.com/sites/mysite/3site/pathl0ong/mysite-xlsb-6.xlsb,sites/mysite/3site/pathl0ong/mysite-xlsb-6.xlsb
mysite-ods-7.ods,10/26/2025 12:51,The Person,Item,sites/mysite/twosite/pathl0ong,https://mysite.sharepoint.com/sites/mysite/twosite/pathl0ong/mysite-ods-7.ods,sites/mysite/twosite/pathl0ong/mysite-ods-7.ods
mysite-xml-1.xml,10/29/2025 1:20,The Person,Item,sites/mysite/37ite/pathl0ong,https://mysite.sharepoint.com/sites/mysite/37ite/pathl0ong/mysite-xml-1.xml,sites/mysite/37ite/pathl0ong/mysite-xml-1.xml
mysite-xsl-2.xsl,10/31/2025 13:49,The Person,Item,sites/mysite/3sit0e/pathl0ong,https://mysite.sharepoint.com/sites/mysite/3sit0e/pathl0ong/mysite-xsl-2.xsl,sites/mysite/3sit0e/pathl0ong/mysite-xsl-2.xsl
mysite-xslt-3.xslt,11/3/2025 2:18,The Person,Item,sites/mysite/3site/pathl0ong,https://mysite.sharepoint.com/sites/mysite/3site/pathl0ong/mysite-xslt-3.xslt,sites/mysite/3site/pathl0ong/mysite-xslt-3.xslt
mysite-xsd-4.xsd,11/5/2025 14:46,The Person,Item,sites/mysite/3site/pathl00ong,https://mysite.sharepoint.com/sites/mysite/3site/pathl00ong/mysite-xsd-4.xsd,sites/mysite/3site/pathl00ong/mysite-xsd-4.xsd
mysite-dtd-5.dtd,11/8/2025 3:15,The Person,Item,sites/mysite/twosite/pathl00ong,https://mysite.sharepoint.com/sites/mysite/twosite/pathl00ong/mysite-dtd-5.dtd,sites/mysite/twosite/pathl00ong/mysite-dtd-5.dtd
mysite-zip-6.zip,11/10/2025 15:44,The Person,Item,sites/mysite/37ite/pathl00ong,https://mysite.sharepoint.com/sites/mysite/37ite/pathl00ong/mysite-zip-6.zip,sites/mysite/37ite/pathl00ong/mysite-zip-6.zip
mysite-7z-7.7z,11/13/2025 4:13,The Person,Item,sites/mysite/3sit0e/pathl00ong,https://mysite.sharepoint.com/sites/mysite/3sit0e/pathl00ong/mysite-7z-7.7z,sites/mysite/3sit0e/pathl00ong/mysite-7z-7.7z
mysite-rar-1.rar,11/15/2025 16:42,The Person,Item,sites/mysite/3site/pathl00ong,https://mysite.sharepoint.com/sites/mysite/3site/pathl00ong/mysite-rar-1.rar,sites/mysite/3site/pathl00ong/mysite-rar-1.rar
mysite-tar-2.tar,11/18/2025 5:10,The Person,Item,sites/mysite/3site/pathlong,https://mysite.sharepoint.com/sites/mysite/3site/pathlong/mysite-tar-2.tar,sites/mysite/3site/pathlong/mysite-tar-2.tar
mysite-gz-3.gz,11/20/2025 17:39,The Person,Item,sites/mysite/twosite/pathlong,https://mysite.sharepoint.com/sites/mysite/twosite/pathlong/mysite-gz-3.gz,sites/mysite/twosite/pathlong/mysite-gz-3.gz
mysite-bz2-4.bz2,11/23/2025 6:08,The Person,Item,sites/mysite/37ite/pathlong,https://mysite.sharepoint.com/sites/mysite/37ite/pathlong/mysite-bz2-4.bz2,sites/mysite/37ite/pathlong/mysite-bz2-4.bz2
mysite-xz-5.xz,11/25/2025 18:37,The Person,Item,sites/mysite/3sit0e/pathlong,https://mysite.sharepoint.com/sites/mysite/3sit0e/pathlong/mysite-xz-5.xz,sites/mysite/3sit0e/pathlong/mysite-xz-5.xz
mysite-iso-6.iso,11/28/2025 7:06,The Person,Item,sites/mysite/3site/pathlong,https://mysite.sharepoint.com/sites/mysite/3site/pathlong/mysite-iso-6.iso,sites/mysite/3site/pathlong/mysite-iso-6.iso
mysite-dmg-7.dmg,11/30/2025 19:34,The Person,Item,sites/mysite/3site/pathl0ong,https://mysite.sharepoint.com/sites/mysite/3site/pathl0ong/mysite-dmg-7.dmg,sites/mysite/3site/pathl0ong/mysite-dmg-7.dmg
mysite-mp3-1.mp3,1/19/2025 19:34,The Person,Item,sites/thispage/3site/pathlong,https://mysite.sharepoint.com/sites/thispage/3site/pathlong/mysite-mp3-1.mp3,sites/thispage/3site/pathlong/mysite-mp3-1.mp3
mysite-wav-2.wav,1/22/2025 8:03,The Person,Item,sites/thispage/twosite/pathlong,https://mysite.sharepoint.com/sites/thispage/twosite/pathlong/mysite-wav-2.wav,sites/thispage/twosite/pathlong/mysite-wav-2.wav
mysite-flac-3.flac,1/24/2025 20:32,The Person,Item,sites/thispage/37ite/pathlong,https://mysite.sharepoint.com/sites/thispage/37ite/pathlong/mysite-flac-3.flac,sites/thispage/37ite/pathlong/mysite-flac-3.flac
mysite-ogg-4.ogg,1/27/2025 9:01,The Person,Item,sites/thispage/3sit0e/pathlong,https://mysite.sharepoint.com/sites/thispage/3sit0e/pathlong/mysite-ogg-4.ogg,sites/thispage/3sit0e/pathlong/mysite-ogg-4.ogg
mysite-aac-5.aac,1/29/2025 21:30,The Person,Item,sites/thispage/3site/pathlong,https://mysite.sharepoint.com/sites/thispage/3site/pathlong/mysite-aac-5.aac,sites/thispage/3site/pathlong/mysite-aac-5.aac
mysite-m4a-6.m4a,2/1/2025 9:58,The Person,Item,sites/thispage/3site/pathl0ong,https://mysite.sharepoint.com/sites/thispage/3site/pathl0ong/mysite-m4a-6.m4a,sites/thispage/3site/pathl0ong/mysite-m4a-6.m4a
mysite-wma-7.wma,2/3/2025 22:27,The Person,Item,sites/thispage/twosite/pathl0ong,https://mysite.sharepoint.com/sites/thispage/twosite/pathl0ong/mysite-wma-7.wma,sites/thispage/twosite/pathl0ong/mysite-wma-7.wma
mysite-opus-1.opus,2/6/2025 10:56,The Person,Item,sites/thispage/37ite/pathl0ong,https://mysite.sharepoint.com/sites/thispage/37ite/pathl0ong/mysite-opus-1.opus,sites/thispage/37ite/pathl0ong/mysite-opus-1.opus
mysite-aiff-2.aiff,2/8/2025 23:25,The Person,Item,sites/thispage/3sit0e/pathl0ong,https://mysite.sharepoint.com/sites/thispage/3sit0e/pathl0ong/mysite-aiff-2.aiff,sites/thispage/3sit0e/pathl0ong/mysite-aiff-2.aiff
mysite-alac-3.alac,2/11/2025 11:54,The Person,Item,sites/thispage/3site/pathl0ong,https://mysite.sharepoint.com/sites/thispage/3site/pathl0ong/mysite-alac-3.alac,sites/thispage/3site/pathl0ong/mysite-alac-3.alac
mysite-cpp-4.cpp,2/14/2025 0:22,The Person,Item,sites/thispage/3site/pathl00ong,https://mysite.sharepoint.com/sites/thispage/3site/pathl00ong/mysite-cpp-4.cpp,sites/thispage/3site/pathl00ong/mysite-cpp-4.cpp
mysite-bat-5.bat,2/16/2025 12:51,The Person,Item,sites/thispage/twosite/pathl00ong,https://mysite.sharepoint.com/sites/thispage/twosite/pathl00ong/mysite-bat-5.bat,sites/thispage/twosite/pathl00ong/mysite-bat-5.bat
mysite-py-6.py,2/19/2025 1:20,The Person,Item,sites/thispage/37ite/pathl00ong,https://mysite.sharepoint.com/sites/thispage/37ite/pathl00ong/mysite-py-6.py,sites/thispage/37ite/pathl00ong/mysite-py-6.py
mysite-ps1-7.ps1,2/21/2025 13:49,The Person,Item,sites/thispage/3sit0e/pathl00ong,https://mysite.sharepoint.com/sites/thispage/3sit0e/pathl00ong/mysite-ps1-7.ps1,sites/thispage/3sit0e/pathl00ong/mysite-ps1-7.ps1
mysite-vbs-1.vbs,2/24/2025 2:18,The Person,Item,sites/thispage/3site/pathl00ong,https://mysite.sharepoint.com/sites/thispage/3site/pathl00ong/mysite-vbs-1.vbs,sites/thispage/3site/pathl00ong/mysite-vbs-1.vbs
mysite-h-2.h,2/26/2025 14:46,The Person,Item,sites/thispage/3site/pathlong,https://mysite.sharepoint.com/sites/thispage/3site/pathlong/mysite-h-2.h,sites/thispage/3site/pathlong/mysite-h-2.h
mysite-js-3.js,3/1/2025 3:15,The Person,Item,sites/thispage/twosite/pathlong,https://mysite.sharepoint.com/sites/thispage/twosite/pathlong/mysite-js-3.js,sites/thispage/twosite/pathlong/mysite-js-3.js
mysite-ts-4.ts,3/3/2025 15:44,The Person,Item,sites/thispage/37ite/pathlong,https://mysite.sharepoint.com/sites/thispage/37ite/pathlong/mysite-ts-4.ts,sites/thispage/37ite/pathlong/mysite-ts-4.ts
mysite-java-5.java,3/6/2025 4:13,The Person,Item,sites/thispage/3sit0e/pathlong,https://mysite.sharepoint.com/sites/thispage/3sit0e/pathlong/mysite-java-5.java,sites/thispage/3sit0e/pathlong/mysite-java-5.java
mysite-c-6.c,3/8/2025 16:42,The Person,Item,sites/thispage/3site/pathlong,https://mysite.sharepoint.com/sites/thispage/3site/pathlong/mysite-c-6.c,sites/thispage/3site/pathlong/mysite-c-6.c
mysite-cs-7.cs,3/11/2025 5:10,The Person,Item,sites/thispage/3site/pathl0ong,https://mysite.sharepoint.com/sites/thispage/3site/pathl0ong/mysite-cs-7.cs,sites/thispage/3site/pathl0ong/mysite-cs-7.cs
mysite-go-1.go,3/13/2025 17:39,The Person,Item,sites/thispage/twosite/pathl0ong,https://mysite.sharepoint.com/sites/thispage/twosite/pathl0ong/mysite-go-1.go,sites/thispage/twosite/pathl0ong/mysite-go-1.go
mysite-cmd-2.cmd,3/16/2025 6:08,The Person,Item,sites/thispage/37ite/pathl0ong,https://mysite.sharepoint.com/sites/thispage/37ite/pathl0ong/mysite-cmd-2.cmd,sites/thispage/37ite/pathl0ong/mysite-cmd-2.cmd
mysite-vcf-3.vcf,3/18/2025 18:37,The Person,Item,sites/thispage/3sit0e/pathl0ong,https://mysite.sharepoint.com/sites/thispage/3sit0e/pathl0ong/mysite-vcf-3.vcf,sites/thispage/3sit0e/pathl0ong/mysite-vcf-3.vcf
mysite-contact-4.contact,3/21/2025 7:06,The Person,Item,sites/thispage/3site/pathl0ong,https://mysite.sharepoint.com/sites/thispage/3site/pathl0ong/mysite-contact-4.contact,sites/thispage/3site/pathl0ong/mysite-contact-4.contact
mysite-agent-5.agent,3/23/2025 19:34,The Person,Item,sites/thispage/3site/pathl00ong,https://mysite.sharepoint.com/sites/thispage/3site/pathl00ong/mysite-agent-5.agent,sites/thispage/3site/pathl00ong/mysite-agent-5.agent
mysite-csv-6.csv,3/26/2025 8:03,The Person,Item,sites/thispage/twosite/pathl00ong,https://mysite.sharepoint.com/sites/thispage/twosite/pathl00ong/mysite-csv-6.csv,sites/thispage/twosite/pathl00ong/mysite-csv-6.csv
mysite-tsv-7.tsv,3/28/2025 20:32,The Person,Item,sites/thispage/37ite/pathl00ong,https://mysite.sharepoint.com/sites/thispage/37ite/pathl00ong/mysite-tsv-7.tsv,sites/thispage/37ite/pathl00ong/mysite-tsv-7.tsv
mysite-doc-1.doc,3/31/2025 9:01,The Person,Item,sites/thispage/3sit0e/pathl00ong,https://mysite.sharepoint.com/sites/thispage/3sit0e/pathl00ong/mysite-doc-1.doc,sites/thispage/3sit0e/pathl00ong/mysite-doc-1.doc
mysite-docx-2.docx,4/2/2025 21:30,The Person,Item,sites/thispage/3site/pathl00ong,https://mysite.sharepoint.com/sites/thispage/3site/pathl00ong/mysite-docx-2.docx,sites/thispage/3site/pathl00ong/mysite-docx-2.docx
mysite-docm-3.docm,4/5/2025 9:58,The Person,Item,sites/thispage/3site/pathlong,https://mysite.sharepoint.com/sites/thispage/3site/pathlong/mysite-docm-3.docm,sites/thispage/3site/pathlong/mysite-docm-3.docm
mysite-dotx-4.dotx,4/7/2025 22:27,The Person,Item,sites/thispage/twosite/pathlong,https://mysite.sharepoint.com/sites/thispage/twosite/pathlong/mysite-dotx-4.dotx,sites/thispage/twosite/pathlong/mysite-dotx-4.dotx
mysite-dot-5.dot,4/10/2025 10:56,The Person,Item,sites/thispage/37ite/pathlong,https://mysite.sharepoint.com/sites/thispage/37ite/pathlong/mysite-dot-5.dot,sites/thispage/37ite/pathlong/mysite-dot-5.dot
mysite-odt-6.odt,4/12/2025 23:25,The Person,Item,sites/thispage/3sit0e/pathlong,https://mysite.sharepoint.com/sites/thispage/3sit0e/pathlong/mysite-odt-6.odt,sites/thispage/3sit0e/pathlong/mysite-odt-6.odt
mysite-exe-7.exe,4/15/2025 11:54,The Person,Item,sites/thispage/3site/pathlong,https://mysite.sharepoint.com/sites/thispage/3site/pathlong/mysite-exe-7.exe,sites/thispage/3site/pathlong/mysite-exe-7.exe
mysite-msi-1.msi,4/18/2025 0:22,The Person,Item,sites/thispage/3site/pathl0ong,https://mysite.sharepoint.com/sites/thispage/3site/pathl0ong/mysite-msi-1.msi,sites/thispage/3site/pathl0ong/mysite-msi-1.msi
mysite-com-2.com,4/20/2025 12:51,The Person,Item,sites/thispage/twosite/pathl0ong,https://mysite.sharepoint.com/sites/thispage/twosite/pathl0ong/mysite-com-2.com,sites/thispage/twosite/pathl0ong/mysite-com-2.com
mysite-scr-3.scr,4/23/2025 1:20,The Person,Item,sites/thispage/37ite/pathl0ong,https://mysite.sharepoint.com/sites/thispage/37ite/pathl0ong/mysite-scr-3.scr,sites/thispage/37ite/pathl0ong/mysite-scr-3.scr
mysite-htm-4.htm,4/25/2025 13:49,The Person,Item,sites/thispage/3sit0e/pathl0ong,https://mysite.sharepoint.com/sites/thispage/3sit0e/pathl0ong/mysite-htm-4.htm,sites/thispage/3sit0e/pathl0ong/mysite-htm-4.htm
mysite-mht-5.mht,4/28/2025 2:18,The Person,Item,sites/thispage/3site/pathl0ong,https://mysite.sharepoint.com/sites/thispage/3site/pathl0ong/mysite-mht-5.mht,sites/thispage/3site/pathl0ong/mysite-mht-5.mht
mysite-html-6.html,4/30/2025 14:46,The Person,Item,sites/thispage/3site/pathl00ong,https://mysite.sharepoint.com/sites/thispage/3site/pathl00ong/mysite-html-6.html,sites/thispage/3site/pathl00ong/mysite-html-6.html
mysite-mhtml-7.mhtml,5/3/2025 3:15,The Person,Item,sites/thispage/twosite/pathl00ong,https://mysite.sharepoint.com/sites/thispage/twosite/pathl00ong/mysite-mhtml-7.mhtml,sites/thispage/twosite/pathl00ong/mysite-mhtml-7.mhtml
mysite-xhtml-1.xhtml,5/5/2025 15:44,The Person,Item,sites/thispage/37ite/pathl00ong,https://mysite.sharepoint.com/sites/thispage/37ite/pathl00ong/mysite-xhtml-1.xhtml,sites/thispage/37ite/pathl00ong/mysite-xhtml-1.xhtml
mysite-shtml-2.shtml,5/8/2025 4:13,The Person,Item,sites/thispage/3sit0e/pathl00ong,https://mysite.sharepoint.com/sites/thispage/3sit0e/pathl00ong/mysite-shtml-2.shtml,sites/thispage/3sit0e/pathl00ong/mysite-shtml-2.shtml
mysite-lnk-3.lnk,5/10/2025 16:42,The Person,Item,sites/thispage/3site/pathl00ong,https://mysite.sharepoint.com/sites/thispage/3site/pathl00ong/mysite-lnk-3.lnk,sites/thispage/3site/pathl00ong/mysite-lnk-3.lnk
mysite-url-4.url,5/13/2025 5:10,The Person,Item,sites/thispage/3site/pathlong,https://mysite.sharepoint.com/sites/thispage/3site/pathlong/mysite-url-4.url,sites/thispage/3site/pathlong/mysite-url-4.url
mysite-webloc-5.webloc,5/15/2025 17:39,The Person,Item,sites/thispage/twosite/pathlong,https://mysite.sharepoint.com/sites/thispage/twosite/pathlong/mysite-webloc-5.webloc,sites/thispage/twosite/pathlong/mysite-webloc-5.webloc
mysite-loop-6.loop,5/18/2025 6:08,The Person,Item,sites/thispage/37ite/pathlong,https://mysite.sharepoint.com/sites/thispage/37ite/pathlong/mysite-loop-6.loop,sites/thispage/37ite/pathlong/mysite-loop-6.loop
mysite-odst-7.odst,5/20/2025 18:37,The Person,Item,sites/thispage/3sit0e/pathlong,https://mysite.sharepoint.com/sites/thispage/3sit0e/pathlong/mysite-odst-7.odst,sites/thispage/3sit0e/pathlong/mysite-odst-7.odst
mysite-onenote-1.onenote,5/23/2025 7:06,The Person,Item,sites/thispage/3site/pathlong,https://mysite.sharepoint.com/sites/thispage/3site/pathlong/mysite-onenote-1.onenote,sites/thispage/3site/pathlong/mysite-onenote-1.onenote
mysite-one-2.one,5/25/2025 19:34,The Person,Item,sites/thispage/3site/pathl0ong,https://mysite.sharepoint.com/sites/thispage/3site/pathl0ong/mysite-one-2.one,sites/thispage/3site/pathl0ong/mysite-one-2.one
mysite-onepkg-3.onepkg,5/28/2025 8:03,The Person,Item,sites/thispage/twosite/pathl0ong,https://mysite.sharepoint.com/sites/thispage/twosite/pathl0ong/mysite-onepkg-3.onepkg,sites/thispage/twosite/pathl0ong/mysite-onepkg-3.onepkg
mysite-pdf-4.pdf,5/30/2025 20:32,The Person,Item,sites/thispage/37ite/pathl0ong,https://mysite.sharepoint.com/sites/thispage/37ite/pathl0ong/mysite-pdf-4.pdf,sites/thispage/37ite/pathl0ong/mysite-pdf-4.pdf
mysite-jpg-5.jpg,6/2/2025 9:01,The Person,Item,sites/thispage/3sit0e/pathl0ong,https://mysite.sharepoint.com/sites/thispage/3sit0e/pathl0ong/mysite-jpg-5.jpg,sites/thispage/3sit0e/pathl0ong/mysite-jpg-5.jpg
mysite-jpeg-6.jpeg,6/4/2025 21:30,The Person,Item,sites/thispage/3site/pathl0ong,https://mysite.sharepoint.com/sites/thispage/3site/pathl0ong/mysite-jpeg-6.jpeg,sites/thispage/3site/pathl0ong/mysite-jpeg-6.jpeg
mysite-svg-7.svg,6/7/2025 9:58,The Person,Item,sites/thispage/3site/pathl00ong,https://mysite.sharepoint.com/sites/thispage/3site/pathl00ong/mysite-svg-7.svg,sites/thispage/3site/pathl00ong/mysite-svg-7.svg
mysite-bmp-1.bmp,6/9/2025 22:27,The Person,Item,sites/thispage/twosite/pathl00ong,https://mysite.sharepoint.com/sites/thispage/twosite/pathl00ong/mysite-bmp-1.bmp,sites/thispage/twosite/pathl00ong/mysite-bmp-1.bmp
mysite-gif-2.gif,6/12/2025 10:56,The Person,Item,sites/thispage/37ite/pathl00ong,https://mysite.sharepoint.com/sites/thispage/37ite/pathl00ong/mysite-gif-2.gif,sites/thispage/37ite/pathl00ong/mysite-gif-2.gif
mysite-png-3.png,6/14/2025 23:25,The Person,Item,sites/thispage/3sit0e/pathl00ong,https://mysite.sharepoint.com/sites/thispage/3sit0e/pathl00ong/mysite-png-3.png,sites/thispage/3sit0e/pathl00ong/mysite-png-3.png
mysite-dng-4.dng,6/17/2025 11:54,The Person,Item,sites/thispage/3site/pathl00ong,https://mysite.sharepoint.com/sites/thispage/3site/pathl00ong/mysite-dng-4.dng,sites/thispage/3site/pathl00ong/mysite-dng-4.dng
mysite-tiff-5.tiff,6/20/2025 0:22,The Person,Item,sites/thispage/3site/pathlong,https://mysite.sharepoint.com/sites/thispage/3site/pathlong/mysite-tiff-5.tiff,sites/thispage/3site/pathlong/mysite-tiff-5.tiff
mysite-heic-6.heic,6/22/2025 12:51,The Person,Item,sites/thispage/twosite/pathlong,https://mysite.sharepoint.com/sites/thispage/twosite/pathlong/mysite-heic-6.heic,sites/thispage/twosite/pathlong/mysite-heic-6.heic
mysite-webp-7.webp,6/25/2025 1:20,The Person,Item,sites/thispage/37ite/pathlong,https://mysite.sharepoint.com/sites/thispage/37ite/pathlong/mysite-webp-7.webp,sites/thispage/37ite/pathlong/mysite-webp-7.webp
mysite-ico-1.ico,6/27/2025 13:49,The Person,Item,sites/thispage/3sit0e/pathlong,https://mysite.sharepoint.com/sites/thispage/3sit0e/pathlong/mysite-ico-1.ico,sites/thispage/3sit0e/pathlong/mysite-ico-1.ico
mysite-psd-2.psd,6/30/2025 2:18,The Person,Item,sites/thispage/3site/pathlong,https://mysite.sharepoint.com/sites/thispage/3site/pathlong/mysite-psd-2.psd,sites/thispage/3site/pathlong/mysite-psd-2.psd
mysite-pbix-3.pbix,7/2/2025 14:46,The Person,Item,sites/thispage/3site/pathl0ong,https://mysite.sharepoint.com/sites/thispage/3site/pathl0ong/mysite-pbix-3.pbix,sites/thispage/3site/pathl0ong/mysite-pbix-3.pbix
mysite-pbit-4.pbit,7/5/2025 3:15,The Person,Item,sites/thispage/twosite/pathl0ong,https://mysite.sharepoint.com/sites/thispage/twosite/pathl0ong/mysite-pbit-4.pbit,sites/thispage/twosite/pathl0ong/mysite-pbit-4.pbit
mysite-pptx-5.pptx,7/7/2025 15:44,The Person,Item,sites/thispage/37ite/pathl0ong,https://mysite.sharepoint.com/sites/thispage/37ite/pathl0ong/mysite-pptx-5.pptx,sites/thispage/37ite/pathl0ong/mysite-pptx-5.pptx
mysite-pptm-6.pptm,7/10/2025 4:13,The Person,Item,sites/thispage/3sit0e/pathl0ong,https://mysite.sharepoint.com/sites/thispage/3sit0e/pathl0ong/mysite-pptm-6.pptm,sites/thispage/3sit0e/pathl0ong/mysite-pptm-6.pptm
mysite-potx-7.potx,7/12/2025 16:42,The Person,Item,sites/thispage/3site/pathl0ong,https://mysite.sharepoint.com/sites/thispage/3site/pathl0ong/mysite-potx-7.potx,sites/thispage/3site/pathl0ong/mysite-potx-7.potx
mysite-pot-1.pot,7/15/2025 5:10,The Person,Item,sites/thispage/3site/pathl00ong,https://mysite.sharepoint.com/sites/thispage/3site/pathl00ong/mysite-pot-1.pot,sites/thispage/3site/pathl00ong/mysite-pot-1.pot
mysite-ppt-2.ppt,7/17/2025 17:39,The Person,Item,sites/thispage/twosite/pathl00ong,https://mysite.sharepoint.com/sites/thispage/twosite/pathl00ong/mysite-ppt-2.ppt,sites/thispage/twosite/pathl00ong/mysite-ppt-2.ppt
mysite-pps-3.pps,7/20/2025 6:08,The Person,Item,sites/thispage/37ite/pathl00ong,https://mysite.sharepoint.com/sites/thispage/37ite/pathl00ong/mysite-pps-3.pps,sites/thispage/37ite/pathl00ong/mysite-pps-3.pps
mysite-ppsx-4.ppsx,7/22/2025 18:37,The Person,Item,sites/thispage/3sit0e/pathl00ong,https://mysite.sharepoint.com/sites/thispage/3sit0e/pathl00ong/mysite-ppsx-4.ppsx,sites/thispage/3sit0e/pathl00ong/mysite-ppsx-4.ppsx
mysite-odp-5.odp,7/25/2025 7:06,The Person,Item,sites/thispage/3site/pathl00ong,https://mysite.sharepoint.com/sites/thispage/3site/pathl00ong/mysite-odp-5.odp,sites/thispage/3site/pathl00ong/mysite-odp-5.odp
mysite-rtf-6.rtf,7/27/2025 19:34,The Person,Item,sites/thispage/3site/pathlong,https://mysite.sharepoint.com/sites/thispage/3site/pathlong/mysite-rtf-6.rtf,sites/thispage/3site/pathlong/mysite-rtf-6.rtf
mysite-aspx-7.aspx,7/30/2025 8:03,The Person,Item,sites/thispage/twosite/pathlong,https://mysite.sharepoint.com/sites/thispage/twosite/pathlong/mysite-aspx-7.aspx,sites/thispage/twosite/pathlong/mysite-aspx-7.aspx
mysite-dll-1.dll,8/1/2025 20:32,The Person,Item,sites/thispage/37ite/pathlong,https://mysite.sharepoint.com/sites/thispage/37ite/pathlong/mysite-dll-1.dll,sites/thispage/37ite/pathlong/mysite-dll-1.dll
mysite-sys-2.sys,8/4/2025 9:01,The Person,Item,sites/thispage/3sit0e/pathlong,https://mysite.sharepoint.com/sites/thispage/3sit0e/pathlong/mysite-sys-2.sys,sites/thispage/3sit0e/pathlong/mysite-sys-2.sys
mysite-ocx-3.ocx,8/6/2025 21:30,The Person,Item,sites/thispage/3site/pathlong,https://mysite.sharepoint.com/sites/thispage/3site/pathlong/mysite-ocx-3.ocx,sites/thispage/3site/pathlong/mysite-ocx-3.ocx
mysite-drv-4.drv,8/9/2025 9:58,The Person,Item,sites/thispage/3site/pathl0ong,https://mysite.sharepoint.com/sites/thispage/3site/pathl0ong/mysite-drv-4.drv,sites/thispage/3site/pathl0ong/mysite-drv-4.drv
mysite-txt-5.txt,8/11/2025 22:27,The Person,Item,sites/thispage/twosite/pathl0ong,https://mysite.sharepoint.com/sites/thispage/twosite/pathl0ong/mysite-txt-5.txt,sites/thispage/twosite/pathl0ong/mysite-txt-5.txt
mysite-md-6.md,8/14/2025 10:56,The Person,Item,sites/thispage/37ite/pathl0ong,https://mysite.sharepoint.com/sites/thispage/37ite/pathl0ong/mysite-md-6.md,sites/thispage/37ite/pathl0ong/mysite-md-6.md
mysite-log-7.log,8/16/2025 23:25,The Person,Item,sites/thispage/3sit0e/pathl0ong,https://mysite.sharepoint.com/sites/thispage/3sit0e/pathl0ong/mysite-log-7.log,sites/thispage/3sit0e/pathl0ong/mysite-log-7.log
mysite-ini-1.ini,8/19/2025 11:54,The Person,Item,sites/thispage/3site/pathl0ong,https://mysite.sharepoint.com/sites/thispage/3site/pathl0ong/mysite-ini-1.ini,sites/thispage/3site/pathl0ong/mysite-ini-1.ini
mysite-cfg-2.cfg,8/22/2025 0:22,The Person,Item,sites/thispage/3site/pathl00ong,https://mysite.sharepoint.com/sites/thispage/3site/pathl00ong/mysite-cfg-2.cfg,sites/thispage/3site/pathl00ong/mysite-cfg-2.cfg
mysite-conf-3.conf,8/24/2025 12:51,The Person,Item,sites/thispage/twosite/pathl00ong,https://mysite.sharepoint.com/sites/thispage/twosite/pathl00ong/mysite-conf-3.conf,sites/thispage/twosite/pathl00ong/mysite-conf-3.conf
mysite-json-4.json,8/27/2025 1:20,The Person,Item,sites/thispage/37ite/pathl00ong,https://mysite.sharepoint.com/sites/thispage/37ite/pathl00ong/mysite-json-4.json,sites/thispage/37ite/pathl00ong/mysite-json-4.json
mysite-yaml-5.yaml,8/29/2025 13:49,The Person,Item,sites/thispage/3sit0e/pathl00ong,https://mysite.sharepoint.com/sites/thispage/3sit0e/pathl00ong/mysite-yaml-5.yaml,sites/thispage/3sit0e/pathl00ong/mysite-yaml-5.yaml
mysite-yml-6.yml,9/1/2025 2:18,The Person,Item,sites/thispage/3site/pathl00ong,https://mysite.sharepoint.com/sites/thispage/3site/pathl00ong/mysite-yml-6.yml,sites/thispage/3site/pathl00ong/mysite-yml-6.yml
mysite-toml-7.toml,9/3/2025 14:46,The Person,Item,sites/thispage/3site/pathlong,https://mysite.sharepoint.com/sites/thispage/3site/pathlong/mysite-toml-7.toml,sites/thispage/3site/pathlong/mysite-toml-7.toml
mysite-mp4-1.mp4,9/6/2025 3:15,The Person,Item,sites/thispage/twosite/pathlong,https://mysite.sharepoint.com/sites/thispage/twosite/pathlong/mysite-mp4-1.mp4,sites/thispage/twosite/pathlong/mysite-mp4-1.mp4
mysite-avi-2.avi,9/8/2025 15:44,The Person,Item,sites/thispage/37ite/pathlong,https://mysite.sharepoint.com/sites/thispage/37ite/pathlong/mysite-avi-2.avi,sites/thispage/37ite/pathlong/mysite-avi-2.avi
mysite-mpeg4-3.mpeg4,9/11/2025 4:13,The Person,Item,sites/thispage/3sit0e/pathlong,https://mysite.sharepoint.com/sites/thispage/3sit0e/pathlong/mysite-mpeg4-3.mpeg4,sites/thispage/3sit0e/pathlong/mysite-mpeg4-3.mpeg4
mysite-mov-4.mov,9/13/2025 16:42,The Person,Item,sites/thispage/3site/pathlong,https://mysite.sharepoint.com/sites/thispage/3site/pathlong/mysite-mov-4.mov,sites/thispage/3site/pathlong/mysite-mov-4.mov
mysite-mkv-5.mkv,9/16/2025 5:10,The Person,Item,sites/thispage/3site/pathl0ong,https://mysite.sharepoint.com/sites/thispage/3site/pathl0ong/mysite-mkv-5.mkv,sites/thispage/3site/pathl0ong/mysite-mkv-5.mkv
mysite-webm-6.webm,9/18/2025 17:39,The Person,Item,sites/thispage/twosite/pathl0ong,https://mysite.sharepoint.com/sites/thispage/twosite/pathl0ong/mysite-webm-6.webm,sites/thispage/twosite/pathl0ong/mysite-webm-6.webm
mysite-flv-7.flv,9/21/2025 6:08,The Person,Item,sites/thispage/37ite/pathl0ong,https://mysite.sharepoint.com/sites/thispage/37ite/pathl0ong/mysite-flv-7.flv,sites/thispage/37ite/pathl0ong/mysite-flv-7.flv
mysite-wmv-1.wmv,9/23/2025 18:37,The Person,Item,sites/thispage/3sit0e/pathl0ong,https://mysite.sharepoint.com/sites/thispage/3sit0e/pathl0ong/mysite-wmv-1.wmv,sites/thispage/3sit0e/pathl0ong/mysite-wmv-1.wmv
mysite-m4v-2.m4v,9/26/2025 7:06,The Person,Item,sites/thispage/3site/pathl0ong,https://mysite.sharepoint.com/sites/thispage/3site/pathl0ong/mysite-m4v-2.m4v,sites/thispage/3site/pathl0ong/mysite-m4v-2.m4v
mysite-mpg-3.mpg,9/28/2025 19:34,The Person,Item,sites/thispage/3site/pathl00ong,https://mysite.sharepoint.com/sites/thispage/3site/pathl00ong/mysite-mpg-3.mpg,sites/thispage/3site/pathl00ong/mysite-mpg-3.mpg
mysite-mpeg-4.mpeg,10/1/2025 8:03,The Person,Item,sites/thispage/twosite/pathl00ong,https://mysite.sharepoint.com/sites/thispage/twosite/pathl00ong/mysite-mpeg-4.mpeg,sites/thispage/twosite/pathl00ong/mysite-mpeg-4.mpeg
mysite-3gp-5.3gp,10/3/2025 20:32,The Person,Item,sites/thispage/37ite/pathl00ong,https://mysite.sharepoint.com/sites/thispage/37ite/pathl00ong/mysite-3gp-5.3gp,sites/thispage/37ite/pathl00ong/mysite-3gp-5.3gp
mysite-xlsx-6.xlsx,10/6/2025 9:01,The Person,Item,sites/thispage/3sit0e/pathl00ong,https://mysite.sharepoint.com/sites/thispage/3sit0e/pathl00ong/mysite-xlsx-6.xlsx,sites/thispage/3sit0e/pathl00ong/mysite-xlsx-6.xlsx
mysite-xlsm-7.xlsm,10/8/2025 21:30,The Person,Item,sites/thispage/3site/pathl00ong,https://mysite.sharepoint.com/sites/thispage/3site/pathl00ong/mysite-xlsm-7.xlsm,sites/thispage/3site/pathl00ong/mysite-xlsm-7.xlsm
mysite-xls-1.xls,10/11/2025 9:58,The Person,Item,sites/thispage/3site/pathlong,https://mysite.sharepoint.com/sites/thispage/3site/pathlong/mysite-xls-1.xls,sites/thispage/3site/pathlong/mysite-xls-1.xls
mysite-xltx-2.xltx,10/13/2025 22:27,The Person,Item,sites/thispage/twosite/pathlong,https://mysite.sharepoint.com/sites/thispage/twosite/pathlong/mysite-xltx-2.xltx,sites/thispage/twosite/pathlong/mysite-xltx-2.xltx
mysite-xltm-3.xltm,10/16/2025 10:56,The Person,Item,sites/thispage/37ite/pathlong,https://mysite.sharepoint.com/sites/thispage/37ite/pathlong/mysite-xltm-3.xltm,sites/thispage/37ite/pathlong/mysite-xltm-3.xltm
mysite-xla-4.xla,10/18/2025 23:25,The Person,Item,sites/thispage/3sit0e/pathlong,https://mysite.sharepoint.com/sites/thispage/3sit0e/pathlong/mysite-xla-4.xla,sites/thispage/3sit0e/pathlong/mysite-xla-4.xla
mysite-xlam-5.xlam,10/21/2025 11:54,The Person,Item,sites/thispage/3site/pathlong,https://mysite.sharepoint.com/sites/thispage/3site/pathlong/mysite-xlam-5.xlam,sites/thispage/3site/pathlong/mysite-xlam-5.xlam
mysite-xlsb-6.xlsb,10/24/2025 0:22,The Person,Item,sites/thispage/3site/pathl0ong,https://mysite.sharepoint.com/sites/thispage/3site/pathl0ong/mysite-xlsb-6.xlsb,sites/thispage/3site/pathl0ong/mysite-xlsb-6.xlsb
mysite-ods-7.ods,10/26/2025 12:51,The Person,Item,sites/thispage/twosite/pathl0ong,https://mysite.sharepoint.com/sites/thispage/twosite/pathl0ong/mysite-ods-7.ods,sites/thispage/twosite/pathl0ong/mysite-ods-7.ods
mysite-xml-1.xml,10/29/2025 1:20,The Person,Item,sites/thispage/37ite/pathl0ong,https://mysite.sharepoint.com/sites/thispage/37ite/pathl0ong/mysite-xml-1.xml,sites/thispage/37ite/pathl0ong/mysite-xml-1.xml
mysite-xsl-2.xsl,10/31/2025 13:49,The Person,Item,sites/thispage/3sit0e/pathl0ong,https://mysite.sharepoint.com/sites/thispage/3sit0e/pathl0ong/mysite-xsl-2.xsl,sites/thispage/3sit0e/pathl0ong/mysite-xsl-2.xsl
mysite-xslt-3.xslt,11/3/2025 2:18,The Person,Item,sites/thispage/3site/pathl0ong,https://mysite.sharepoint.com/sites/thispage/3site/pathl0ong/mysite-xslt-3.xslt,sites/thispage/3site/pathl0ong/mysite-xslt-3.xslt
mysite-xsd-4.xsd,11/5/2025 14:46,The Person,Item,sites/thispage/3site/pathl00ong,https://mysite.sharepoint.com/sites/thispage/3site/pathl00ong/mysite-xsd-4.xsd,sites/thispage/3site/pathl00ong/mysite-xsd-4.xsd
mysite-dtd-5.dtd,11/8/2025 3:15,The Person,Item,sites/thispage/twosite/pathl00ong,https://mysite.sharepoint.com/sites/thispage/twosite/pathl00ong/mysite-dtd-5.dtd,sites/thispage/twosite/pathl00ong/mysite-dtd-5.dtd
mysite-zip-6.zip,11/10/2025 15:44,The Person,Item,sites/thispage/37ite/pathl00ong,https://mysite.sharepoint.com/sites/thispage/37ite/pathl00ong/mysite-zip-6.zip,sites/thispage/37ite/pathl00ong/mysite-zip-6.zip
mysite-7z-7.7z,11/13/2025 4:13,The Person,Item,sites/thispage/3sit0e/pathl00ong,https://mysite.sharepoint.com/sites/thispage/3sit0e/pathl00ong/mysite-7z-7.7z,sites/thispage/3sit0e/pathl00ong/mysite-7z-7.7z
mysite-rar-1.rar,11/15/2025 16:42,The Person,Item,sites/thispage/3site/pathl00ong,https://mysite.sharepoint.com/sites/thispage/3site/pathl00ong/mysite-rar-1.rar,sites/thispage/3site/pathl00ong/mysite-rar-1.rar
mysite-tar-2.tar,11/18/2025 5:10,The Person,Item,sites/thispage/3site/pathlong,https://mysite.sharepoint.com/sites/thispage/3site/pathlong/mysite-tar-2.tar,sites/thispage/3site/pathlong/mysite-tar-2.tar
mysite-gz-3.gz,11/20/2025 17:39,The Person,Item,sites/thispage/twosite/pathlong,https://mysite.sharepoint.com/sites/thispage/twosite/pathlong/mysite-gz-3.gz,sites/thispage/twosite/pathlong/mysite-gz-3.gz
mysite-bz2-4.bz2,11/23/2025 6:08,The Person,Item,sites/thispage/37ite/pathlong,https://mysite.sharepoint.com/sites/thispage/37ite/pathlong/mysite-bz2-4.bz2,sites/thispage/37ite/pathlong/mysite-bz2-4.bz2
mysite-xz-5.xz,11/25/2025 18:37,The Person,Item,sites/thispage/3sit0e/pathlong,https://mysite.sharepoint.com/sites/thispage/3sit0e/pathlong/mysite-xz-5.xz,sites/thispage/3sit0e/pathlong/mysite-xz-5.xz
mysite-iso-6.iso,11/28/2025 7:06,The Person,Item,sites/thispage/3site/pathlong,https://mysite.sharepoint.com/sites/thispage/3site/pathlong/mysite-iso-6.iso,sites/thispage/3site/pathlong/mysite-iso-6.iso
mysite-dmg-7.dmg,11/30/2025 19:34,The Person,Item,sites/thispage/3site/pathl0ong,https://mysite.sharepoint.com/sites/thispage/3site/pathl0ong/mysite-dmg-7.dmg,sites/thispage/3site/pathl0ong/mysite-dmg-7.dmg
mysite-mp3-1.mp3,1/19/2025 19:34,The Person,Item,sites/thispagege/3site/pathlong,https://mysite.sharepoint.com/sites/thispagege/3site/pathlong/mysite-mp3-1.mp3,sites/thispagege/3site/pathlong/mysite-mp3-1.mp3
mysite-wav-2.wav,1/22/2025 8:03,The Person,Item,sites/thispagege/twosite/pathlong,https://mysite.sharepoint.com/sites/thispagege/twosite/pathlong/mysite-wav-2.wav,sites/thispagege/twosite/pathlong/mysite-wav-2.wav
mysite-flac-3.flac,1/24/2025 20:32,The Person,Item,sites/thispagege/37ite/pathlong,https://mysite.sharepoint.com/sites/thispagege/37ite/pathlong/mysite-flac-3.flac,sites/thispagege/37ite/pathlong/mysite-flac-3.flac
mysite-ogg-4.ogg,1/27/2025 9:01,The Person,Item,sites/thispagege/3sit0e/pathlong,https://mysite.sharepoint.com/sites/thispagege/3sit0e/pathlong/mysite-ogg-4.ogg,sites/thispagege/3sit0e/pathlong/mysite-ogg-4.ogg
mysite-aac-5.aac,1/29/2025 21:30,The Person,Item,sites/thispagege/3site/pathlong,https://mysite.sharepoint.com/sites/thispagege/3site/pathlong/mysite-aac-5.aac,sites/thispagege/3site/pathlong/mysite-aac-5.aac
mysite-m4a-6.m4a,2/1/2025 9:58,The Person,Item,sites/thispagege/3site/pathl0ong,https://mysite.sharepoint.com/sites/thispagege/3site/pathl0ong/mysite-m4a-6.m4a,sites/thispagege/3site/pathl0ong/mysite-m4a-6.m4a
mysite-wma-7.wma,2/3/2025 22:27,The Person,Item,sites/thispagege/twosite/pathl0ong,https://mysite.sharepoint.com/sites/thispagege/twosite/pathl0ong/mysite-wma-7.wma,sites/thispagege/twosite/pathl0ong/mysite-wma-7.wma
mysite-opus-1.opus,2/6/2025 10:56,The Person,Item,sites/thispagege/37ite/pathl0ong,https://mysite.sharepoint.com/sites/thispagege/37ite/pathl0ong/mysite-opus-1.opus,sites/thispagege/37ite/pathl0ong/mysite-opus-1.opus
mysite-aiff-2.aiff,2/8/2025 23:25,The Person,Item,sites/thispagege/3sit0e/pathl0ong,https://mysite.sharepoint.com/sites/thispagege/3sit0e/pathl0ong/mysite-aiff-2.aiff,sites/thispagege/3sit0e/pathl0ong/mysite-aiff-2.aiff
mysite-alac-3.alac,2/11/2025 11:54,The Person,Item,sites/thispagege/3site/pathl0ong,https://mysite.sharepoint.com/sites/thispagege/3site/pathl0ong/mysite-alac-3.alac,sites/thispagege/3site/pathl0ong/mysite-alac-3.alac
mysite-cpp-4.cpp,2/14/2025 0:22,The Person,Item,sites/thispagege/3site/pathl00ong,https://mysite.sharepoint.com/sites/thispagege/3site/pathl00ong/mysite-cpp-4.cpp,sites/thispagege/3site/pathl00ong/mysite-cpp-4.cpp
mysite-bat-5.bat,2/16/2025 12:51,The Person,Item,sites/thispagege/twosite/pathl00ong,https://mysite.sharepoint.com/sites/thispagege/twosite/pathl00ong/mysite-bat-5.bat,sites/thispagege/twosite/pathl00ong/mysite-bat-5.bat
mysite-py-6.py,2/19/2025 1:20,The Person,Item,sites/thispagege/37ite/pathl00ong,https://mysite.sharepoint.com/sites/thispagege/37ite/pathl00ong/mysite-py-6.py,sites/thispagege/37ite/pathl00ong/mysite-py-6.py
mysite-ps1-7.ps1,2/21/2025 13:49,The Person,Item,sites/thispagege/3sit0e/pathl00ong,https://mysite.sharepoint.com/sites/thispagege/3sit0e/pathl00ong/mysite-ps1-7.ps1,sites/thispagege/3sit0e/pathl00ong/mysite-ps1-7.ps1
mysite-vbs-1.vbs,2/24/2025 2:18,The Person,Item,sites/thispagege/3site/pathl00ong,https://mysite.sharepoint.com/sites/thispagege/3site/pathl00ong/mysite-vbs-1.vbs,sites/thispagege/3site/pathl00ong/mysite-vbs-1.vbs
mysite-h-2.h,2/26/2025 14:46,The Person,Item,sites/thispagege/3site/pathlong,https://mysite.sharepoint.com/sites/thispagege/3site/pathlong/mysite-h-2.h,sites/thispagege/3site/pathlong/mysite-h-2.h
mysite-js-3.js,3/1/2025 3:15,The Person,Item,sites/thispagege/twosite/pathlong,https://mysite.sharepoint.com/sites/thispagege/twosite/pathlong/mysite-js-3.js,sites/thispagege/twosite/pathlong/mysite-js-3.js
mysite-ts-4.ts,3/3/2025 15:44,The Person,Item,sites/thispagege/37ite/pathlong,https://mysite.sharepoint.com/sites/thispagege/37ite/pathlong/mysite-ts-4.ts,sites/thispagege/37ite/pathlong/mysite-ts-4.ts
mysite-java-5.java,3/6/2025 4:13,The Person,Item,sites/thispagege/3sit0e/pathlong,https://mysite.sharepoint.com/sites/thispagege/3sit0e/pathlong/mysite-java-5.java,sites/thispagege/3sit0e/pathlong/mysite-java-5.java
mysite-c-6.c,3/8/2025 16:42,The Person,Item,sites/thispagege/3site/pathlong,https://mysite.sharepoint.com/sites/thispagege/3site/pathlong/mysite-c-6.c,sites/thispagege/3site/pathlong/mysite-c-6.c
mysite-cs-7.cs,3/11/2025 5:10,The Person,Item,sites/thispagege/3site/pathl0ong,https://mysite.sharepoint.com/sites/thispagege/3site/pathl0ong/mysite-cs-7.cs,sites/thispagege/3site/pathl0ong/mysite-cs-7.cs
mysite-go-1.go,3/13/2025 17:39,The Person,Item,sites/thispagege/twosite/pathl0ong,https://mysite.sharepoint.com/sites/thispagege/twosite/pathl0ong/mysite-go-1.go,sites/thispagege/twosite/pathl0ong/mysite-go-1.go
mysite-cmd-2.cmd,3/16/2025 6:08,The Person,Item,sites/thispagege/37ite/pathl0ong,https://mysite.sharepoint.com/sites/thispagege/37ite/pathl0ong/mysite-cmd-2.cmd,sites/thispagege/37ite/pathl0ong/mysite-cmd-2.cmd
mysite-vcf-3.vcf,3/18/2025 18:37,The Person,Item,sites/thispagege/3sit0e/pathl0ong,https://mysite.sharepoint.com/sites/thispagege/3sit0e/pathl0ong/mysite-vcf-3.vcf,sites/thispagege/3sit0e/pathl0ong/mysite-vcf-3.vcf
mysite-contact-4.contact,3/21/2025 7:06,The Person,Item,sites/thispagege/3site/pathl0ong,https://mysite.sharepoint.com/sites/thispagege/3site/pathl0ong/mysite-contact-4.contact,sites/thispagege/3site/pathl0ong/mysite-contact-4.contact
mysite-agent-5.agent,3/23/2025 19:34,The Person,Item,sites/thispagege/3site/pathl00ong,https://mysite.sharepoint.com/sites/thispagege/3site/pathl00ong/mysite-agent-5.agent,sites/thispagege/3site/pathl00ong/mysite-agent-5.agent
mysite-csv-6.csv,3/26/2025 8:03,The Person,Item,sites/thispagege/twosite/pathl00ong,https://mysite.sharepoint.com/sites/thispagege/twosite/pathl00ong/mysite-csv-6.csv,sites/thispagege/twosite/pathl00ong/mysite-csv-6.csv
mysite-tsv-7.tsv,3/28/2025 20:32,The Person,Item,sites/thispagege/37ite/pathl00ong,https://mysite.sharepoint.com/sites/thispagege/37ite/pathl00ong/mysite-tsv-7.tsv,sites/thispagege/37ite/pathl00ong/mysite-tsv-7.tsv
mysite-doc-1.doc,3/31/2025 9:01,The Person,Item,sites/thispagege/3sit0e/pathl00ong,https://mysite.sharepoint.com/sites/thispagege/3sit0e/pathl00ong/mysite-doc-1.doc,sites/thispagege/3sit0e/pathl00ong/mysite-doc-1.doc
mysite-docx-2.docx,4/2/2025 21:30,The Person,Item,sites/thispagege/3site/pathl00ong,https://mysite.sharepoint.com/sites/thispagege/3site/pathl00ong/mysite-docx-2.docx,sites/thispagege/3site/pathl00ong/mysite-docx-2.docx
mysite-docm-3.docm,4/5/2025 9:58,The Person,Item,sites/thispagege/3site/pathlong,https://mysite.sharepoint.com/sites/thispagege/3site/pathlong/mysite-docm-3.docm,sites/thispagege/3site/pathlong/mysite-docm-3.docm
mysite-dotx-4.dotx,4/7/2025 22:27,The Person,Item,sites/thispagege/twosite/pathlong,https://mysite.sharepoint.com/sites/thispagege/twosite/pathlong/mysite-dotx-4.dotx,sites/thispagege/twosite/pathlong/mysite-dotx-4.dotx
mysite-dot-5.dot,4/10/2025 10:56,The Person,Item,sites/thispagege/37ite/pathlong,https://mysite.sharepoint.com/sites/thispagege/37ite/pathlong/mysite-dot-5.dot,sites/thispagege/37ite/pathlong/mysite-dot-5.dot
mysite-odt-6.odt,4/12/2025 23:25,The Person,Item,sites/thispagege/3sit0e/pathlong,https://mysite.sharepoint.com/sites/thispagege/3sit0e/pathlong/mysite-odt-6.odt,sites/thispagege/3sit0e/pathlong/mysite-odt-6.odt
mysite-exe-7.exe,4/15/2025 11:54,The Person,Item,sites/thispagege/3site/pathlong,https://mysite.sharepoint.com/sites/thispagege/3site/pathlong/mysite-exe-7.exe,sites/thispagege/3site/pathlong/mysite-exe-7.exe
mysite-msi-1.msi,4/18/2025 0:22,The Person,Item,sites/thispagege/3site/pathl0ong,https://mysite.sharepoint.com/sites/thispagege/3site/pathl0ong/mysite-msi-1.msi,sites/thispagege/3site/pathl0ong/mysite-msi-1.msi
mysite-com-2.com,4/20/2025 12:51,The Person,Item,sites/thispagege/twosite/pathl0ong,https://mysite.sharepoint.com/sites/thispagege/twosite/pathl0ong/mysite-com-2.com,sites/thispagege/twosite/pathl0ong/mysite-com-2.com
mysite-scr-3.scr,4/23/2025 1:20,The Person,Item,sites/thispagege/37ite/pathl0ong,https://mysite.sharepoint.com/sites/thispagege/37ite/pathl0ong/mysite-scr-3.scr,sites/thispagege/37ite/pathl0ong/mysite-scr-3.scr
mysite-htm-4.htm,4/25/2025 13:49,The Person,Item,sites/thispagege/3sit0e/pathl0ong,https://mysite.sharepoint.com/sites/thispagege/3sit0e/pathl0ong/mysite-htm-4.htm,sites/thispagege/3sit0e/pathl0ong/mysite-htm-4.htm
mysite-mht-5.mht,4/28/2025 2:18,The Person,Item,sites/thispagege/3site/pathl0ong,https://mysite.sharepoint.com/sites/thispagege/3site/pathl0ong/mysite-mht-5.mht,sites/thispagege/3site/pathl0ong/mysite-mht-5.mht
mysite-html-6.html,4/30/2025 14:46,The Person,Item,sites/thispagege/3site/pathl00ong,https://mysite.sharepoint.com/sites/thispagege/3site/pathl00ong/mysite-html-6.html,sites/thispagege/3site/pathl00ong/mysite-html-6.html
mysite-mhtml-7.mhtml,5/3/2025 3:15,The Person,Item,sites/thispagege/twosite/pathl00ong,https://mysite.sharepoint.com/sites/thispagege/twosite/pathl00ong/mysite-mhtml-7.mhtml,sites/thispagege/twosite/pathl00ong/mysite-mhtml-7.mhtml
mysite-xhtml-1.xhtml,5/5/2025 15:44,The Person,Item,sites/thispagege/37ite/pathl00ong,https://mysite.sharepoint.com/sites/thispagege/37ite/pathl00ong/mysite-xhtml-1.xhtml,sites/thispagege/37ite/pathl00ong/mysite-xhtml-1.xhtml
mysite-shtml-2.shtml,5/8/2025 4:13,The Person,Item,sites/thispagege/3sit0e/pathl00ong,https://mysite.sharepoint.com/sites/thispagege/3sit0e/pathl00ong/mysite-shtml-2.shtml,sites/thispagege/3sit0e/pathl00ong/mysite-shtml-2.shtml
